Species,Location,Feature,Nucleotide_Change,Gene_ID,Total
ema,0,head,t,mir150,176
ema,91,tail,t,let7b-1,176
ema,4,head,g,mir181b-2,176
ema,0,head,-,mir29b-1a,176
ema,1,head,c,mir126b,176
ema,9,head,g,mir7132a,176
ema,21,5p,g,mir29b-1a,176
ema,36,hairpin,c,mir200b,176
ema,38,hairpin,c,mir128-3,176
ema,39,hairpin,t,mir150,176
ema,45,hairpin,t,mir30bb,176
ema,46,hairpin,g,mir29b-1a,176
ema,81,tail,g,mir150,176
ema,66,tail,t,mir736-1,176
ema,70,tail,a,mir736-1,176
ema,75,tail,g,mir202,176
ema,3,head,t,mir727b,176
ema,88,tail,-,let7c-2,176
ema,89,tail,-,let7d-1,176
ema,90,tail,-,mir10965,176
ema,91,tail,-,let7d-1,176
ema,39,hairpin,g,mir7132a,176
ema,44,hairpin,t,let7a-6,176
ema,0,head,g,mir140,176
ema,3,head,c,mir10545,176
ema,35,hairpin,t,mir7132a,176
ema,36,hairpin,g,mir99a,176
ema,40,hairpin,g,mir7133,176
ema,77,tail,a,mir130c-2,176
ema,19,head,g,mir29a-1,176
ema,79,tail,g,mir199-1a,176
ema,80,tail,g,mir200a,176
ema,2,head,t,mir153ab,176
ema,3,head,a,mir130c-2,176
ema,37,hairpin,-,mir30c-1,176
ema,52,3p-seed,t,mir30c-1,176
ema,69,3p,t,mir30c-1,176
ema,81,tail,a,mir196d,176
ema,28,5p,c,mir7132a,176
ema,43,hairpin,g,mir30bb,176
ema,71,tail,c,mir152a,176
ema,75,tail,c,mir10545,176
ema,76,tail,t,mir187,176
ema,78,tail,t,mir144,176
ema,13,head,t,mir26a-3,176
ema,20,5p,g,mir26a-3,176
ema,57,hairpin,t,mir26a-3,176
ema,88,tail,a,mir26a-3,176
ema,9,head,t,mir140,176
ema,49,hairpin,t,mir30a,176
ema,81,tail,c,mir124-4a,176
ema,86,tail,g,mir30a,176
ema,1,head,a,mir27b,176
ema,2,head,c,mir10965,176
ema,9,head,c,mir143,176
ema,35,hairpin,c,mir143,176
ema,88,tail,t,mir181a-5,176
ema,89,tail,a,let7g-2,176
ema,91,tail,g,mir29a-1,176
ema,80,tail,c,mir203b,176
ema,26,5p-seed,t,mir24-3,176
ema,30,5p,c,mir29a-1,176
ema,46,hairpin,a,mir21b,176
ema,63,hairpin,c,mir24-3,176
ema,65,hairpin,g,mir24-3,176
ema,95,tail,a,let7b-2,176
ema,96,tail,g,let7a-3,176
ema,43,hairpin,t,mir15b-1,176
ema,82,tail,g,mir135b,176
ema,23,5p,g,mir29a-3b,176
ema,79,tail,a,mir203b,176
ema,76,tail,g,mir100-2,176
ema,77,tail,g,mir137-1a,176
ema,78,tail,c,mir187,176
ema,4,head,t,mir199-3a,176
ema,34,5p,g,mir27c,176
ema,82,tail,a,mir18b,176
ema,84,tail,c,mir7133,176
ema,0,head,c,mir10545,176
ema,78,tail,a,mir7132a,176
ema,6,head,-,mir219-2,176
ema,7,head,-,mir219-1,176
ema,8,head,-,mir219-1,176
ema,40,hairpin,t,mir22a-2,176
ema,87,tail,t,mir219-2,176
ema,92,tail,c,mir30e-1,176
ema,1,head,t,mir7132a,176
ema,4,head,a,mir727b,176
ema,5,head,c,mir21b,176
ema,8,head,a,mir1388,176
ema,61,tail,t,mirENSGACG00000022167,176
ema,64,tail,g,mirENSGACG00000022167,176
ema,66,tail,g,mirENSGACG00000022167,176
ema,68,tail,c,mirENSGACG00000022167,176
ema,69,tail,a,mirENSGACG00000022167,176
ema,70,tail,g,mirENSGACG00000022167,176
ema,4,head,c,mir18b,176
ema,46,hairpin,c,mir125b-2,176
ema,73,tail,g,mir24-2,176
ema,11,head,g,mir193a-2,176
ema,83,tail,c,mir199-3a,176
ema,34,hairpin,-,mir150,176
ema,55,3p-seed,a,mir26a-1a,176
ema,57,3p-seed,g,mir26a-1a,176
ema,41,hairpin,a,mir181a-5,176
ema,45,hairpin,a,let7a-3,176
ema,47,hairpin,g,mir10b-1,176
ema,75,3p,a,mir425,176
ema,91,tail,c,let7g-1,176
ema,52,hairpin,a,let7a-5,176
ema,102,tail,t,let7a-5,176
ema,103,tail,c,let7a-5,176
ema,10,head,t,mir193a-2,176
ema,48,hairpin,a,mir150,176
ema,54,hairpin,g,mir10c,176
ema,5,head,g,mir212b,176
ema,27,5p,c,mir202,176
ema,80,tail,t,mir21b,176
ema,82,tail,c,mir30e-2,176
ema,85,tail,a,mir129-2a,176
ema,87,tail,-,mir722b,176
ema,44,hairpin,g,mir7132a,176
ema,47,hairpin,-,mir33bb,176
ema,50,hairpin,t,mir132b,176
ema,52,hairpin,t,mir33bb,176
ema,64,3p-seed,a,mir33bb,176
ema,71,3p,c,mir33bb,176
ema,88,tail,c,mir30a,176
ema,39,hairpin,c,mir140,176
ema,43,hairpin,c,mir92a-2,176
ema,47,hairpin,t,mir30e-2,176
ema,84,tail,t,mir10965,176
ema,85,tail,g,mir727b,176
ema,42,hairpin,t,let7h-2,176
ema,61,3p,c,mir7132a,176
ema,41,hairpin,c,mir10545,176
ema,45,hairpin,g,mir730,176
ema,76,tail,c,mir31a,176
ema,84,tail,g,mir199-2a,176
ema,6,head,t,mir193a-2,176
ema,50,hairpin,a,mir142a,176
ema,85,tail,t,mir129-1a,176
ema,0,head,a,mir192,176
ema,42,hairpin,c,mir725,176
ema,70,3p,a,mir205-1a,176
ema,79,tail,c,mir24-4a,176
ema,12,head,a,mir9-7,176
ema,52,hairpin,g,mir2187a,176
ema,89,tail,t,mir2187a,176
ema,90,tail,a,mir23a-1,176
ema,77,tail,t,mir128-3,176
ema,40,hairpin,c,mir203b,176
ema,37,hairpin,g,mir129-2a,176
ema,73,tail,c,mir196a-2,176
ema,78,tail,g,mir126b,176
ema,80,tail,a,mir7133,176
ema,87,tail,a,mir129-1a,176
ema,15,head,g,mir21a,176
ema,5,head,a,mir30bb,176
ema,43,hairpin,a,mir21b,176
ema,46,hairpin,t,mir30bb,176
ema,83,tail,t,mir199-2a,176
ema,36,hairpin,t,mir7132b,176
ema,40,hairpin,a,mir199-2a,176
ema,41,hairpin,-,mir301b,176
ema,25,5p,t,mir92a-1,176
ema,38,hairpin,a,mir92a-1,176
ema,32,hairpin,g,mir23a-3,176
ema,18,5p-seed,a,mir301b,176
ema,42,hairpin,-,mir301b,176
ema,69,3p,a,mir727a,176
ema,74,3p,a,mir727a,176
ema,84,tail,a,mir27b,176
ema,33,hairpin,g,mir460,176
ema,1,head,g,mir21b,176
ema,47,hairpin,c,mir9-1a,176
ema,75,tail,t,mir100-2,176
ema,82,tail,t,mir133a-2,176
ema,6,head,a,mir181a-2,176
ema,15,head,t,mir27a,176
ema,27,5p,t,mir1388,176
ema,37,hairpin,t,mir725,176
ema,10,head,c,mir99a,176
ema,22,5p,t,mir148a,176
ema,98,tail,g,let7a-7,176
ema,2,head,a,mir7132a,176
ema,79,tail,-,mir192,176
ema,55,hairpin,a,let7h-2,176
ema,53,hairpin,t,let7h-2,176
ema,89,tail,c,mir9-1a,176
ema,3,head,g,mir22a-1,176
ema,44,hairpin,-,mir29a-1,176
ema,51,hairpin,a,mir26a-1b,176
ema,86,tail,-,mir722b,176
ema,2,head,g,mir489,176
ema,20,5p,a,mir23a-2,176
ema,54,hairpin,c,mir23a-2,176
ema,79,tail,t,mir15b-1,176
ema,81,tail,t,mir200b,176
ema,17,head,c,mir132b,176
ema,42,hairpin,a,mir7133,176
ema,54,3p-seed,t,mir21b,176
ema,66,3p,a,mir205-1b,176
ema,7,head,g,mir130c-2,176
ema,84,tail,-,mir455b,176
ema,16,head,a,mir1388,176
ema,51,hairpin,g,mir223,176
ema,93,tail,t,mir214a,176
ema,55,hairpin,t,let7a-6,176
ema,58,hairpin,g,let7a-6,176
ema,59,hairpin,c,let7a-6,176
ema,84,3p,t,let7a-6,176
ema,96,tail,c,let7h-1,176
ema,44,hairpin,a,mir150,176
ema,83,tail,a,mir9-6,176
ema,100,tail,a,let7b-1,176
ema,72,3p-seed,c,mir10c,176
ema,94,tail,a,mir10c,176
ema,23,5p,a,mir92a-2,176
ema,48,hairpin,t,mir223,176
ema,51,hairpin,c,mir19da,176
ema,42,hairpin,g,mir181a-2,176
ema,46,hairpin,-,mir181a-2,176
ema,54,3p-seed,c,mir181a-2,176
ema,63,3p,c,mir181a-2,176
ema,64,3p,a,mir181a-2,176
ema,74,tail,c,mir193a-2,176
ema,32,hairpin,a,mir31a,176
ema,36,hairpin,a,mir31a,176
ema,61,3p,a,mir31a,176
ema,7,head,t,mir1388,176
ema,49,hairpin,-,mir181a-1,176
ema,50,hairpin,-,mir181a-1,176
ema,24,5p,a,mir92a-2,176
ema,11,head,c,mir129-1a,176
ema,41,hairpin,t,mir15b-1,176
ema,59,3p-seed,a,mir15b-1,176
ema,64,3p-seed,t,mir15b-1,176
ema,65,3p,t,mir15b-1,176
ema,86,tail,t,mir15b-1,176
ema,87,tail,g,mir15b-1,176
ema,5,head,t,mir9-3,176
ema,9,head,a,mir10a,176
ema,35,hairpin,a,mir725,176
ema,37,hairpin,a,mir10a,176
ema,60,3p,t,mir10a,176
ema,59,3p,g,mir30c-2,176
ema,70,tail,c,mir30c-2,176
ema,24,5p,c,let7h-2,176
ema,30,5p,t,mir725,176
ema,33,hairpin,t,mir725,176
ema,60,hairpin,g,let7h-1,176
ema,101,tail,c,let7h-1,176
ema,105,tail,c,mir190a-2,176
ema,8,head,t,mir196d,176
ema,31,5p,a,mir29b-2a,176
ema,85,tail,c,mir22a-2,176
ema,10,head,a,mir30a,176
ema,48,hairpin,c,mir212b,176
ema,68,3p,c,mir30a,176
ema,78,3p,c,mir30a,176
ema,7,head,c,mir30e-1,176
ema,50,hairpin,g,let7a-3,176
ema,52,hairpin,c,mir125b-3,176
ema,87,tail,c,mir30e-1,176
ema,15,head,c,mir29a-1,176
ema,29,5p,t,mir29a-1,176
ema,34,hairpin,a,mir128-3,176
ema,39,hairpin,-,mir9-3,176
ema,40,hairpin,-,mir9-3,176
ema,47,hairpin,a,mir125b-3,176
ema,11,head,t,mir1388,176
ema,12,head,c,mir1388,176
ema,39,hairpin,a,mir129-2a,176
ema,44,hairpin,c,mir30bb,176
ema,49,hairpin,g,mir30bb,176
ema,62,3p-seed,g,mir30bb,176
ema,57,3p-seed,c,mir139a,176
ema,38,hairpin,t,mir10545,176
ema,30,5p,g,mir130c-1,176
ema,41,5p,c,mir130c-1,176
ema,69,hairpin,a,mir130c-1,176
ema,72,hairpin,g,mir130c-1,176
ema,107,tail,g,mir130c-1,176
ema,6,head,c,let7h-2,176
ema,36,5p,t,mir223,176
ema,83,tail,g,mir10965,176
ema,41,hairpin,g,mir153ab,176
ema,37,hairpin,c,mir21b,176
ema,92,tail,-,let7d-1,176
ema,75,3p,t,mir125b-3,176
ema,69,3p,g,mir181b-2,176
ema,14,head,g,mir214a,176
ema,24,5p-seed,c,mir214a,176
ema,86,tail,a,mir214a,176
ema,94,tail,c,mir214a,176
ema,13,5p-seed,t,mir130c-2,176
ema,78,tail,-,mir192,176
ema,80,tail,-,mir192,176
ema,53,3p-seed,g,mir21b,176
ema,55,3p-seed,t,mir21b,176
ema,77,tail,c,mir21b,176
ema,45,hairpin,c,let7a-2,176
ema,70,3p,t,mir196d,176
ema,13,head,c,let7h-2,176
ema,66,hairpin,c,let7h-2,176
ema,79,3p-seed,g,let7h-2,176
ema,101,tail,a,let7h-2,176
ema,102,tail,c,let7h-2,176
ema,104,tail,c,let7h-2,176
ema,89,tail,g,mir181a-5,176
ema,57,hairpin,a,let7a-3,176
ema,93,tail,g,let7a-3,176
ema,95,tail,c,let7a-3,176
ema,6,head,g,mir10545,176
ema,77,tail,-,mir10545,176
ema,21,5p,t,mir222c,176
ema,26,5p-seed,g,mir222c,176
ema,98,tail,c,mir222c,176
ema,99,tail,t,mir222c,176
ema,49,3p-seed,a,mir7132a,176
ema,66,3p,g,mir7132a,176
ema,67,3p,t,mir7132a,176
ema,97,tail,a,let7j,176
ema,33,hairpin,c,mir10965,176
ema,49,hairpin,a,mir10965,176
cgo,0,head,t,mir454b,174
cgo,91,tail,t,mir2188,174
cgo,4,head,g,mir181b-2,174
cgo,21,5p,g,mir29b-1a,174
cgo,39,hairpin,a,mir129-2a,174
cgo,45,hairpin,t,mir192,174
cgo,81,tail,g,mir150,174
cgo,5,head,a,let7a-1,174
cgo,68,tail,t,mir736-1,174
cgo,69,tail,a,mirENSGACG00000022167,174
cgo,75,tail,g,mir10545,174
cgo,92,tail,c,mir30e-1,174
cgo,42,hairpin,t,let7h-2,174
cgo,0,head,g,mir140,174
cgo,35,hairpin,t,mir181a-2,174
cgo,36,hairpin,g,mir194a,174
cgo,77,tail,a,mir130c-2,174
cgo,19,head,g,mir23a-2,174
cgo,59,hairpin,c,mir190a-1,174
cgo,79,tail,g,mir199-1a,174
cgo,80,tail,g,mir200a,174
cgo,3,head,c,mir125b-3,174
cgo,39,hairpin,g,let7h-2,174
cgo,46,hairpin,g,mir338-1b,174
cgo,53,3p-seed,a,mir30c-1,174
cgo,69,3p,t,mir30c-1,174
cgo,81,tail,a,mir129-1b,174
cgo,43,hairpin,g,mir30e-1,174
cgo,71,tail,c,mir130b,174
cgo,76,tail,t,mir152a,174
cgo,78,tail,t,mir144,174
cgo,13,head,t,mir26a-3,174
cgo,49,hairpin,g,mir26a-3,174
cgo,55,hairpin,c,mir26a-3,174
cgo,87,tail,a,mir10965,174
cgo,91,tail,-,mir7bb,174
cgo,92,tail,-,mir26a-3,174
cgo,93,tail,-,mir26a-3,174
cgo,70,tail,a,mir143,174
cgo,89,tail,a,let7g-2,174
cgo,91,tail,g,let7g-2,174
cgo,80,tail,c,mir203b,174
cgo,26,5p-seed,t,mir24-3,174
cgo,46,hairpin,a,mir26ba,174
cgo,54,hairpin,a,mir24-3,174
cgo,64,hairpin,g,mir24-3,174
cgo,65,hairpin,g,mir24-3,174
cgo,95,tail,a,let7b-2,174
cgo,96,tail,g,mir24-3,174
cgo,82,tail,g,mir135b,174
cgo,23,5p,g,mir29a-3b,174
cgo,73,tail,g,mir24-2,174
cgo,74,tail,c,mir193a-2,174
cgo,76,tail,g,mir100-2,174
cgo,77,tail,g,mir137-1a,174
cgo,78,tail,c,mir187,174
cgo,3,head,t,mir727b,174
cgo,41,hairpin,t,mir15b-1,174
cgo,46,hairpin,c,mir181a-1,174
cgo,50,hairpin,t,mir132b,174
cgo,84,tail,c,mir15b-1,174
cgo,40,hairpin,t,mir200a,174
cgo,1,head,g,mir137-1b,174
cgo,4,head,a,mir727b,174
cgo,20,5p,g,mirENSGACG00000022167,174
cgo,61,tail,t,mirENSGACG00000022167,174
cgo,64,tail,g,mirENSGACG00000022167,174
cgo,66,tail,g,mirENSGACG00000022167,174
cgo,68,tail,c,mirENSGACG00000022167,174
cgo,70,tail,g,mirENSGACG00000022167,174
cgo,4,head,c,mir223,174
cgo,5,head,g,mir212b,174
cgo,12,head,c,mir24-2,174
cgo,11,head,g,mir193a-2,174
cgo,48,hairpin,g,let7a-7,174
cgo,83,tail,c,mir138a,174
cgo,34,hairpin,-,mir9-4,174
cgo,47,hairpin,g,mir26a-1a,174
cgo,53,3p-seed,g,mir26a-1a,174
cgo,57,3p-seed,g,mir26a-1a,174
cgo,4,head,t,mir142b,174
cgo,45,hairpin,a,let7a-3,174
cgo,51,hairpin,c,mir425,174
cgo,82,tail,a,mir18b,174
cgo,86,tail,c,mir425,174
cgo,91,tail,c,mir10965,174
cgo,14,head,t,let7a-5,174
cgo,80,3p-seed,t,let7a-5,174
cgo,103,tail,t,let7a-5,174
cgo,10,head,t,mir22a-2,174
cgo,48,hairpin,a,mir150,174
cgo,53,hairpin,a,mir30a,174
cgo,54,hairpin,g,mir26a-2,174
cgo,68,3p,t,mir26a-2,174
cgo,27,5p,c,mir722a,174
cgo,82,tail,c,mir454b,174
cgo,88,tail,t,mir181a-5,174
cgo,79,tail,a,mir203b,174
cgo,80,tail,t,mir21b,174
cgo,11,head,c,mir33bb,174
cgo,43,hairpin,t,mir15b-1,174
cgo,44,hairpin,t,let7a-6,174
cgo,49,hairpin,c,mir132b,174
cgo,52,hairpin,t,mir33bb,174
cgo,63,3p-seed,a,mir33bb,174
cgo,64,3p-seed,a,mir33bb,174
cgo,88,tail,g,mir33bb,174
cgo,39,hairpin,c,mir140,174
cgo,43,hairpin,c,let7c-2,174
cgo,47,hairpin,t,mir30a,174
cgo,62,3p,a,mir20a-1,174
cgo,84,tail,t,mir7133,174
cgo,85,tail,g,mir727b,174
cgo,2,head,g,mir489,174
cgo,79,tail,c,mir1388,174
cgo,8,head,g,mir730,174
cgo,9,head,c,mir730,174
cgo,41,hairpin,c,mir150,174
cgo,45,hairpin,g,mir181a-1,174
cgo,84,tail,g,mir454b,174
cgo,0,head,c,mir10545,174
cgo,6,head,t,mir10965,174
cgo,85,tail,t,mir10965,174
cgo,0,head,a,mir192,174
cgo,38,hairpin,c,mir128-3,174
cgo,42,hairpin,c,mir725,174
cgo,70,3p,a,mir205-1a,174
cgo,87,tail,-,let7c-2,174
cgo,88,tail,-,let7c-2,174
cgo,89,tail,-,mir7bb,174
cgo,90,tail,-,mir7bb,174
cgo,12,head,a,mir92a-1,174
cgo,52,hairpin,g,mir2187a,174
cgo,6,head,c,let7d-1,174
cgo,5,head,c,mir223,174
cgo,37,hairpin,a,mir144,174
cgo,38,hairpin,a,mir192,174
cgo,77,tail,t,mir21b,174
cgo,39,hairpin,t,mir200a,174
cgo,40,hairpin,c,mir9-3,174
cgo,85,tail,a,mir129-2a,174
cgo,40,hairpin,-,mir125a-2,174
cgo,41,hairpin,-,mir125a-2,174
cgo,73,tail,c,mir196a-2,174
cgo,78,tail,g,mir126b,174
cgo,80,tail,a,mir7133,174
cgo,13,head,c,mir24-6,174
cgo,15,head,g,mir21a,174
cgo,16,head,t,mir21a,174
cgo,6,head,a,mir192,174
cgo,38,hairpin,t,mir10545,174
cgo,83,tail,t,mir199-2a,174
cgo,36,hairpin,t,mir7132b,174
cgo,41,hairpin,a,mir21b,174
cgo,18,5p-seed,a,mir24-4a,174
cgo,24,5p,c,mir725,174
cgo,47,hairpin,c,let7a-1,174
cgo,32,hairpin,g,mir23a-3,174
cgo,2,head,c,mir132a,174
cgo,84,tail,a,mir27b,174
cgo,36,hairpin,c,mir7132a,174
cgo,9,head,g,mir30e-1,174
cgo,34,hairpin,a,mir187,174
cgo,82,tail,t,mir133a-2,174
cgo,9,head,t,mir140,174
cgo,43,hairpin,a,mir27a,174
cgo,55,hairpin,t,mir27a,174
cgo,37,hairpin,t,mir722b,174
cgo,10,head,c,mir99a,174
cgo,47,hairpin,a,mir125b-3,174
cgo,1,head,c,mir7132a,174
cgo,86,3p,t,let7i-1,174
cgo,1,head,t,mir153aa,174
cgo,19,5p-seed,g,mir10965,174
cgo,22,5p,t,mir148a,174
cgo,98,tail,g,let7a-7,174
cgo,2,head,a,mir99a,174
cgo,78,tail,-,mir99a,174
cgo,79,tail,-,mir99a,174
cgo,40,hairpin,a,mir199-2a,174
cgo,55,hairpin,a,let7h-2,174
cgo,79,3p,t,let7b-2,174
cgo,89,tail,c,mir9-1a,174
cgo,3,head,g,mir22a-1,174
cgo,44,hairpin,-,mir29a-1,174
cgo,51,hairpin,a,mir22b,174
cgo,44,hairpin,g,mir30bb,174
cgo,77,tail,-,mir10545,174
cgo,20,5p,a,mir23a-2,174
cgo,40,5p,t,mir23a-2,174
cgo,48,hairpin,-,mir23a-2,174
cgo,49,hairpin,-,mir23a-2,174
cgo,79,tail,t,mir9-4,174
cgo,81,tail,t,mir200b,174
cgo,17,head,c,mir132b,174
cgo,25,5p-seed,t,mir132b,174
cgo,55,hairpin,g,mir132b,174
cgo,56,hairpin,t,mir132b,174
cgo,66,3p,a,mir205-1b,174
cgo,73,tail,a,mir205-1b,174
cgo,84,tail,-,mir455a,174
cgo,48,hairpin,t,mir7133,174
cgo,51,hairpin,g,mir1388,174
cgo,85,tail,c,mir22a-2,174
cgo,92,tail,t,mir146a,174
cgo,93,tail,t,mir214a,174
cgo,45,hairpin,c,let7a-2,174
cgo,58,hairpin,g,let7a-6,174
cgo,84,3p,t,let7a-6,174
cgo,96,tail,c,let7h-1,174
cgo,66,hairpin,t,let7b-1,174
cgo,72,3p-seed,g,let7b-1,174
cgo,78,3p-seed,a,let7b-1,174
cgo,100,tail,a,let7b-1,174
cgo,72,3p-seed,c,mir10c,174
cgo,94,tail,a,mir10c,174
cgo,23,5p,t,mir19da,174
cgo,24,5p,a,mir92a-2,174
cgo,36,hairpin,a,mir19da,174
cgo,44,hairpin,c,mir92a-2,174
cgo,54,3p-seed,c,mir181a-2,174
cgo,12,head,t,mir193a-2,174
cgo,49,hairpin,a,mir10965,174
cgo,44,hairpin,a,mir150,174
cgo,61,3p-seed,c,mir138a,174
cgo,81,tail,c,mir124-4a,174
cgo,72,tail,c,mir100-2,174
cgo,75,tail,t,mir128-3,174
cgo,50,hairpin,g,mir30e-1,174
cgo,23,5p,a,mir92a-2,174
cgo,90,tail,a,mir23a-1,174
cgo,59,3p-seed,a,mir15b-1,174
cgo,64,3p-seed,t,mir15b-1,174
cgo,86,tail,t,mir727b,174
cgo,87,tail,g,mir15b-1,174
cgo,5,head,t,mir26a-1b,174
cgo,2,head,t,mir153ab,174
cgo,9,head,a,mir10a,174
cgo,10,5p,a,mir10a,174
cgo,35,hairpin,a,mir10a,174
cgo,60,3p,t,mir10a,174
cgo,7,head,a,mir30c-2,174
cgo,32,5p,t,mir725,174
cgo,33,hairpin,t,mir725,174
cgo,53,hairpin,g,let7h-1,174
cgo,60,hairpin,t,let7h-1,174
cgo,63,hairpin,t,let7h-1,174
cgo,64,hairpin,t,let7h-1,174
cgo,65,hairpin,t,let7h-1,174
cgo,101,tail,g,let7h-1,174
cgo,105,tail,c,mir190a-2,174
cgo,8,head,t,mir196d,174
cgo,42,hairpin,a,mir150,174
cgo,72,3p,t,mir7133,174
cgo,7,head,t,mir7bb,174
cgo,10,head,a,mir30a,174
cgo,68,3p,c,mir30a,174
cgo,7,head,c,mir30e-1,174
cgo,52,hairpin,c,mir30e-1,174
cgo,75,tail,c,mir24-4a,174
cgo,29,5p,t,mir29a-1,174
cgo,7,head,g,mir10965,174
cgo,34,hairpin,c,mir128-3,174
cgo,83,tail,-,mir10b-1,174
cgo,69,hairpin,c,mir190a-2,174
cgo,46,hairpin,t,mir30bb,174
cgo,93,tail,a,let7a-1,174
cgo,57,3p-seed,c,mir139a,174
cgo,30,5p,g,mir130c-1,174
cgo,41,5p,c,mir130c-1,174
cgo,107,tail,g,mir130c-1,174
cgo,53,hairpin,t,mir223,174
cgo,83,tail,g,mir10965,174
cgo,37,hairpin,c,let7d-1,174
cgo,93,tail,c,let7d-1,174
cgo,14,head,g,mir26a-1b,174
cgo,56,hairpin,g,mir214a,174
cgo,86,tail,a,mir214a,174
cgo,94,tail,c,mir214a,174
cgo,17,5p,c,mir1388,174
cgo,13,5p-seed,t,mir130c-2,174
cgo,1,head,a,mir27b,174
cgo,32,hairpin,a,mir192,174
cgo,37,hairpin,g,mir129-2a,174
cgo,80,tail,-,mir192,174
cgo,34,hairpin,t,mir150,174
cgo,70,3p,t,mir196d,174
cgo,54,hairpin,t,let7h-2,174
cgo,79,3p-seed,g,let7h-2,174
cgo,101,tail,a,let7h-2,174
cgo,102,tail,c,let7h-2,174
cgo,89,tail,g,mir181a-5,174
cgo,57,hairpin,a,let7a-3,174
cgo,72,3p-seed,t,let7a-3,174
cgo,95,tail,c,let7a-3,174
cgo,74,tail,t,mir10545,174
cgo,21,5p,c,mir222c,174
cgo,26,5p-seed,g,mir222c,174
cgo,99,tail,g,mir222c,174
cgo,28,5p,c,mir7132a,174
cgo,56,3p,a,mir7132a,174
cgo,61,3p,c,mir7132a,174
cgo,67,3p,t,mir7132a,174
cgo,78,tail,a,mir7132a,174
cgo,97,tail,a,let7j,174
cgo,41,hairpin,g,mir203b,174
cgo,0,head,-,mir10965,174
cgo,33,hairpin,c,mir10965,174
cgo,86,tail,g,mir10965,174
cgo,86,tail,-,let7a-2,174
gac,1,head,-,mir140,161
gac,75,tail,-,mir140,161
gac,76,tail,-,mir140,161
gac,77,tail,-,mir140,161
gac,0,head,g,mir212b,161
gac,1,head,a,let7h-2,161
gac,2,head,a,mir1388,161
gac,3,head,t,mir30bb,161
gac,4,head,a,mir212b,161
gac,5,head,a,mir30bb,161
gac,6,head,t,mir196d,161
gac,7,head,a,mir222c,161
gac,8,head,t,mir222c,161
gac,9,head,c,mir222c,161
gac,10,head,a,mir214a,161
gac,11,head,g,mir214a,161
gac,19,head,t,mir130c-1,161
gac,91,tail,t,mir455b,161
gac,92,tail,c,mir455b,161
gac,93,tail,g,mir212b,161
gac,94,tail,t,mir455b,161
gac,95,tail,a,mir365-2b,161
gac,96,tail,t,mir125b-3,161
gac,97,tail,t,let7a-3,161
gac,98,tail,c,mir130c-2,161
gac,99,tail,t,mir214a,161
gac,100,tail,t,let7a-3,161
gac,101,tail,c,mir130c-2,161
gac,102,tail,c,mir130c-2,161
gac,103,tail,c,let7a-3,161
gac,1,head,t,mir129-2a,161
gac,2,head,c,mir212b,161
gac,3,head,a,mir181b-2,161
gac,4,head,g,mir10545,161
gac,46,hairpin,g,let7i-1,161
gac,47,hairpin,t,mir10b-1,161
gac,48,hairpin,c,mir30a,161
gac,51,hairpin,g,mir33bb,161
gac,86,tail,a,mir214a,161
gac,91,tail,g,mir365-2b,161
gac,92,tail,g,mir212b,161
gac,93,tail,c,mir181a-5,161
gac,0,head,-,let7j,161
gac,1,head,c,mir22a-1,161
gac,36,hairpin,g,mir10545,161
gac,40,hairpin,g,mir10b-1,161
gac,45,hairpin,t,mir30bb,161
gac,46,hairpin,t,mir30bb,161
gac,75,tail,c,mir7a-1,161
gac,80,tail,-,mir140,161
gac,34,hairpin,a,mir736-1,161
gac,71,tail,g,mir736-1,161
gac,73,tail,-,mir7132a,161
gac,74,tail,-,mir7132a,161
gac,2,head,g,mir365-2b,161
gac,9,head,g,mir1388,161
gac,12,head,g,mir190a-2,161
gac,84,tail,c,mir130c-2,161
gac,94,tail,c,mir212b,161
gac,2,head,-,mir140,161
gac,39,hairpin,g,let7h-2,161
gac,42,hairpin,a,mir7132a,161
gac,48,hairpin,a,mir150,161
gac,78,tail,c,mir10545,161
gac,81,tail,t,mir125a-1,161
gac,83,tail,a,mir181b-2,161
gac,85,tail,a,mir129-2a,161
gac,86,tail,t,mir455b,161
gac,87,tail,a,mir199-2a,161
gac,88,tail,a,mir125b-2,161
gac,3,head,c,mir212b,161
gac,35,hairpin,t,mir148a,161
gac,37,hairpin,c,let7d-1,161
gac,41,hairpin,c,mir22a-2,161
gac,73,tail,g,mir24-2,161
gac,74,tail,a,mir194a,161
gac,77,tail,a,mir130c-2,161
gac,79,tail,c,mir192,161
gac,0,head,a,mir365-2b,161
gac,3,head,g,mir22a-1,161
gac,6,head,g,mir22a-2,161
gac,7,head,g,mir196d,161
gac,8,head,c,mir126b,161
gac,10,head,t,mir21a,161
gac,11,head,t,mir222c,161
gac,12,head,c,mir222c,161
gac,13,head,t,mir214a,161
gac,14,head,c,mir190a-1,161
gac,15,head,t,mir190a-1,161
gac,16,head,g,mir1388,161
gac,17,head,c,mir222c,161
gac,18,head,a,mir190a-1,161
gac,19,head,g,mir23a-2,161
gac,58,hairpin,t,mir10c,161
gac,62,hairpin,t,mir190a-1,161
gac,98,tail,g,mir30c-2,161
gac,99,tail,c,mir130c-2,161
gac,100,tail,c,mir29a-1,161
gac,102,tail,t,let7a-7,161
gac,103,tail,g,mir146a,161
gac,104,tail,t,let7a-7,161
gac,105,tail,c,mir130c-2,161
gac,106,tail,t,mir146a,161
gac,107,tail,a,mir190a-1,161
gac,108,tail,c,mir190a-2,161
gac,109,tail,a,mir130c-1,161
gac,110,tail,g,mir190a-1,161
gac,78,tail,-,mir140,161
gac,1,head,g,mir212b,161
gac,2,head,t,mir22a-1,161
gac,5,head,t,mir130c-1,161
gac,39,hairpin,a,mir129-2a,161
gac,46,hairpin,a,mir125b-2,161
gac,74,tail,g,mir205-1b,161
gac,81,tail,-,mir27b,161
gac,32,hairpin,t,mir725,161
gac,35,hairpin,g,mir192,161
gac,38,hairpin,g,mir200a,161
gac,43,hairpin,g,mir30e-1,161
gac,69,3p,c,mir152a,161
gac,6,head,c,mir365-2b,161
gac,7,head,t,mir1388,161
gac,8,head,g,mir214a,161
gac,9,head,t,mir29a-1,161
gac,10,head,c,mir222c,161
gac,20,head,g,mir130c-1,161
gac,49,hairpin,g,mir7133,161
gac,50,hairpin,c,mir26a-3,161
gac,57,hairpin,g,mir26a-3,161
gac,65,3p-seed,g,mir26a-3,161
gac,89,tail,t,mir455b,161
gac,94,tail,a,mir125b-3,161
gac,96,tail,c,mir199-2a,161
gac,98,tail,a,let7a-3,161
gac,99,tail,a,let7a-3,161
gac,0,head,t,mir455b,161
gac,4,head,t,mir455b,161
gac,5,head,c,mir196d,161
gac,6,head,a,mir192,161
gac,47,hairpin,c,mir129-2a,161
gac,59,3p-seed,c,mir181a-3,161
gac,66,3p,c,mir181a-3,161
gac,81,tail,c,mir10545,161
gac,82,tail,g,mir10545,161
gac,86,tail,g,mir199-2a,161
gac,88,tail,g,mir455b,161
gac,89,tail,c,mir130c-2,161
gac,90,tail,t,mir365-2b,161
gac,91,tail,c,mir181a-5,161
gac,79,tail,-,mir140,161
gac,3,head,-,mir140,161
gac,75,tail,a,mir143,161
gac,81,3p,c,let7g-2,161
gac,87,tail,t,mir455b,161
gac,90,tail,g,mir727b,161
gac,35,hairpin,a,mir7a-3,161
gac,65,3p,a,mir7a-3,161
gac,5,head,g,mir212b,161
gac,8,head,a,mir190a-2,161
gac,11,head,a,mir24-3,161
gac,13,head,a,mir24-3,161
gac,14,head,g,mir26a-1b,161
gac,15,head,a,mir130c-1,161
gac,16,head,t,mir222c,161
gac,17,head,a,mir24-3,161
gac,18,head,t,mir23a-2,161
gac,20,head,c,mir24-3,161
gac,21,head,a,mir24-3,161
gac,22,head,g,mir24-3,161
gac,23,head,g,mir24-3,161
gac,24,head,g,mir130c-1,161
gac,25,head,t,mir24-3,161
gac,26,head,t,mir130c-1,161
gac,96,tail,g,mir365-2b,161
gac,104,tail,c,mir130c-2,161
gac,105,tail,a,mir137-2a,161
gac,106,tail,c,mir10c,161
gac,107,tail,t,mir146a,161
gac,109,tail,c,mir190a-2,161
gac,110,tail,a,mir130c-1,161
gac,111,tail,c,mir130c-1,161
gac,112,tail,a,mir130c-1,161
gac,113,tail,c,mir190a-2,161
gac,114,tail,c,mir24-3,161
gac,115,tail,g,mir130c-1,161
gac,116,tail,g,mir24-3,161
gac,117,tail,a,mir190a-2,161
gac,118,tail,c,mir24-3,161
gac,119,tail,c,mir130c-1,161
gac,120,tail,a,mir130c-1,161
gac,121,tail,g,mir24-3,161
gac,122,tail,a,mir24-3,161
gac,123,tail,a,mir24-3,161
gac,124,tail,g,mir130c-1,161
gac,125,tail,a,mir130c-1,161
gac,126,tail,c,mir24-3,161
gac,42,hairpin,t,let7h-2,161
gac,48,hairpin,g,mir10b-2a,161
gac,83,tail,c,mir192,161
gac,87,tail,c,mir130c-2,161
gac,7,head,c,mir29a-1,161
gac,18,5p-seed,c,mir29a-3b,161
gac,23,5p,g,mir29a-3b,161
gac,25,5p,g,mir7133,161
gac,40,hairpin,c,mir150,161
gac,44,hairpin,a,mir7133,161
gac,61,3p,c,mir7132a,161
gac,74,tail,t,mir29a-3b,161
gac,80,tail,c,mir10545,161
gac,83,tail,g,mir130c-2,161
gac,84,tail,g,mir133a-2,161
gac,86,tail,c,mir129-2a,161
gac,88,tail,t,mir30c-2,161
gac,90,tail,c,mir181a-5,161
gac,91,tail,a,mir10b-1,161
gac,95,tail,g,mir30c-2,161
gac,34,5p,g,mir27c,161
gac,82,tail,-,mir27b,161
gac,83,tail,-,mir27b,161
gac,40,hairpin,a,mir193a-2,161
gac,45,hairpin,c,mir200b,161
gac,52,hairpin,g,mir15b-1,161
gac,54,hairpin,a,mir219-2,161
gac,71,3p,c,mir33bb,161
gac,93,tail,t,mir365-2b,161
gac,95,tail,c,mir455b,161
gac,4,head,-,let7j,161
gac,5,head,-,let7j,161
gac,6,5p,-,let7j,161
gac,8,5p-seed,t,mirENSGACG00000022167,161
gac,20,5p,g,mir200a,161
gac,61,3p,t,mirENSGACG00000022167,161
gac,64,tail,g,mirENSGACG00000022167,161
gac,66,tail,g,mirENSGACG00000022167,161
gac,68,tail,c,mir196a-2,161
gac,69,tail,a,mir7132a,161
gac,70,tail,g,mirENSGACG00000022167,161
gac,71,tail,a,mirENSGACG00000022167,161
gac,72,tail,g,mirENSGACG00000022167,161
gac,73,tail,t,mirENSGACG00000022167,161
gac,75,tail,g,mirENSGACG00000022167,161
gac,76,tail,t,mirENSGACG00000022167,161
gac,77,tail,t,mir99a,161
gac,79,tail,a,mir30bb,161
gac,80,tail,a,mir130c-2,161
gac,82,tail,t,mir133a-2,161
gac,94,tail,g,mir182a,161
gac,4,head,c,let7a-3,161
gac,72,tail,a,mir24-2,161
gac,77,tail,c,mir24-2,161
gac,37,hairpin,t,mir7132a,161
gac,41,hairpin,a,mir92a-2,161
gac,42,hairpin,c,mir181a-1,161
gac,84,tail,t,mir10b-1,161
gac,85,tail,g,mir199-2a,161
gac,34,hairpin,-,mir150,161
gac,45,hairpin,a,let7h-2,161
gac,56,3p-seed,t,mir139a,161
gac,57,3p-seed,g,mir26a-1a,161
gac,51,hairpin,c,mir425,161
gac,63,3p,c,mir425,161
gac,64,hairpin,c,let7a-5,161
gac,95,tail,-,let7j,161
gac,96,tail,-,let7j,161
gac,97,tail,-,let7h-1,161
gac,98,tail,-,let7h-2,161
gac,99,tail,-,let7h-2,161
gac,100,tail,-,let7h-2,161
gac,101,tail,-,let7h-2,161
gac,102,tail,-,let7h-2,161
gac,58,3p-seed,g,mir10b-2a,161
gac,65,3p,g,mir10b-2a,161
gac,81,tail,g,mir200a,161
gac,82,tail,a,mir130c-2,161
gac,17,head,t,mir26a-2,161
gac,18,head,g,mir222c,161
gac,50,hairpin,g,mir181b-2,161
gac,51,hairpin,t,mir223,161
gac,53,hairpin,t,let7d-1,161
gac,54,hairpin,g,mir33bb,161
gac,56,hairpin,g,mir26a-2,161
gac,57,hairpin,a,mir26a-2,161
gac,63,3p-seed,c,mir26a-2,161
gac,66,3p-seed,g,mir26a-2,161
gac,85,tail,t,mir9-6,161
gac,97,tail,g,mir15b-1,161
gac,100,tail,a,mir130c-2,161
gac,27,5p,c,mir722a,161
gac,80,tail,t,mir125b-2,161
gac,0,head,c,mir10545,161
gac,43,hairpin,t,let7j,161
gac,44,hairpin,g,mir22a-2,161
gac,45,hairpin,-,mir33bb,161
gac,46,hairpin,-,mir33bb,161
gac,47,hairpin,-,mir33bb,161
gac,49,hairpin,c,mir132b,161
gac,50,hairpin,t,mir125b-3,161
gac,55,hairpin,c,mir33bb,161
gac,64,3p-seed,a,mir33bb,161
gac,68,3p,c,mir125b-3,161
gac,43,hairpin,c,mir365-2b,161
gac,46,hairpin,c,mir7a-1,161
gac,60,3p-seed,a,mir20a-1,161
gac,62,3p,a,mir20a-1,161
gac,89,tail,g,mir181a-5,161
gac,92,tail,t,mir181a-5,161
gac,95,tail,t,mir10c,161
gac,97,tail,c,mir365-2b,161
gac,99,tail,g,mir29a-1,161
gac,101,tail,a,let7a-7,161
gac,102,tail,a,mir10c,161
gac,105,tail,t,mir10c,161
gac,44,hairpin,t,mir181a-1,161
gac,49,hairpin,a,mir146a,161
gac,87,tail,g,mir489,161
gac,34,hairpin,c,mir7a-1,161
gac,37,hairpin,a,mir725,161
gac,39,hairpin,c,mir140,161
gac,37,hairpin,g,mir129-2a,161
gac,45,hairpin,g,mir181a-1,161
gac,43,hairpin,a,mir24-6,161
gac,32,hairpin,-,let7i-1,161
gac,33,hairpin,-,mir205-1a,161
gac,39,hairpin,t,mir200a,161
gac,70,tail,a,mir205-1a,161
gac,9,head,a,mir129-2b,161
gac,12,head,a,let7d-1,161
gac,90,tail,a,mir125b-3,161
gac,93,tail,a,mir199-2a,161
gac,101,tail,t,mir21a,161
gac,102,tail,g,let7a-3,161
gac,57,hairpin,c,mir219-1,161
gac,56,3p-seed,a,mir16c,161
gac,67,3p,t,mir30c-2,161
gac,68,tail,-,mir125a-2,161
gac,69,tail,-,mir126b,161
gac,70,tail,-,mir126b,161
gac,71,tail,-,mir126b,161
gac,72,tail,-,mir7132a,161
gac,82,tail,c,mir192,161
gac,97,tail,a,mir130c-2,161
gac,3,5p,c,mir137-2a,161
gac,4,5p,t,mir137-2a,161
gac,5,5p-seed,g,mir137-2a,161
gac,6,5p-seed,a,mir137-2a,161
gac,7,5p-seed,a,mir137-2a,161
gac,8,5p-seed,a,mir137-2a,161
gac,9,5p-seed,g,mir137-2a,161
gac,10,5p-seed,a,mir137-2a,161
gac,11,5p-seed,c,mir137-2a,161
gac,12,5p,t,mir137-2a,161
gac,13,5p,c,mir137-2a,161
gac,106,tail,a,mir137-2a,161
gac,11,head,c,mir196d,161
gac,12,head,t,mir214a,161
gac,13,head,c,mir132b,161
gac,15,head,g,mir222c,161
gac,22,head,c,mir21a,161
gac,103,tail,a,mir130c-2,161
gac,62,3p,c,mir499a,161
gac,84,tail,-,mir9-3,161
gac,40,hairpin,t,mir30bb,161
gac,79,tail,g,mir142b,161
gac,83,tail,t,mir133a-2,161
gac,36,hairpin,t,mir7132b,161
gac,41,hairpin,g,mir7132a,161
gac,58,3p,g,mir7132b,161
gac,9,5p,a,mir23a-3,161
gac,31,hairpin,t,mir23a-3,161
gac,32,hairpin,g,mir23a-3,161
gac,34,hairpin,g,let7b-2,161
gac,42,hairpin,g,mir181a-2,161
gac,51,3p-seed,t,mir202,161
gac,84,tail,a,mir181b-2,161
gac,96,tail,a,mir181a-5,161
gac,29,5p,-,let7i-1,161
gac,30,5p,-,let7i-1,161
gac,31,5p,-,let7i-1,161
gac,22,5p,a,mir148a,161
gac,28,5p,c,mir7132a,161
gac,29,5p,c,mir148a,161
gac,80,tail,g,mir200a,161
gac,58,hairpin,a,let7b-2,161
gac,74,3p,a,let7b-2,161
gac,94,tail,-,let7j,161
gac,67,3p,c,mir18b,161
gac,85,tail,c,mir455b,161
gac,44,hairpin,-,mir29a-1,161
gac,41,hairpin,t,mir722b,161
gac,88,tail,c,mir181a-5,161
gac,54,3p-seed,c,mir7132a,161
gac,73,tail,c,mir196a-2,161
gac,20,head,a,mir23a-2,161
gac,61,hairpin,c,mir23a-2,161
gac,63,hairpin,c,mir23a-2,161
gac,64,3p,t,mir125a-1,161
gac,14,head,t,mir146a,161
gac,61,hairpin,g,let7b-1,161
gac,101,tail,g,let7a-3,161
gac,66,3p,a,mir205-1b,161
gac,98,tail,t,mir29a-1,161
gac,108,tail,a,mir146a,161
gac,58,hairpin,g,let7a-6,161
gac,68,3p-seed,c,let7a-6,161
gac,73,3p-seed,c,let7a-6,161
gac,100,tail,g,mir214a,161
gac,66,hairpin,t,let7b-1,161
gac,89,3p,t,let7b-1,161
gac,72,3p-seed,c,mir10c,161
gac,104,tail,g,mir10c,161
gac,107,tail,g,mir130c-1,161
gac,44,hairpin,c,mir22a-1,161
gac,74,tail,c,mir193a-2,161
gac,81,tail,a,mir29b-2a,161
gac,89,tail,a,mir365-2b,161
gac,71,tail,c,mir130b,161
gac,25,5p,a,mir129-1b,161
gac,36,hairpin,c,mir129-1b,161
gac,85,tail,-,mir9-3,161
gac,86,tail,-,mir223,161
gac,87,tail,-,mir223,161
gac,54,3p,g,mir100-2,161
gac,24,5p,a,mir92a-2,161
gac,50,hairpin,a,mir23a-1,161
gac,55,hairpin,-,mir23a-1,161
gac,59,3p-seed,a,mir15b-1,161
gac,64,3p-seed,t,mir15b-1,161
gac,65,3p,t,mir15b-1,161
gac,79,tail,t,mir10545,161
gac,59,3p,g,mir30c-2,161
gac,10,5p-seed,t,mir725,161
gac,20,5p,c,mir725,161
gac,24,5p,c,mir725,161
gac,28,5p,t,mir725,161
gac,33,hairpin,t,mir725,161
gac,35,hairpin,c,mir725,161
gac,38,hairpin,-,let7h-1,161
gac,39,hairpin,-,mir725,161
gac,40,hairpin,-,mir725,161
gac,53,hairpin,g,mir30e-1,161
gac,59,hairpin,t,let7h-1,161
gac,60,hairpin,g,let7h-1,161
gac,103,tail,-,let7h-2,161
gac,104,tail,-,let7h-2,161
gac,23,5p,t,mir29b-2a,161
gac,91,tail,-,let7j,161
gac,52,hairpin,c,mir30e-1,161
gac,54,hairpin,t,mir30e-1,161
gac,56,hairpin,a,mir30e-1,161
gac,38,hairpin,t,mir10545,161
gac,22,5p-seed,c,mir29a-1,161
gac,29,5p,t,mir29a-1,161
gac,38,5p,a,mir29a-1,161
gac,55,3p-seed,a,mir10b-1,161
gac,13,head,g,mir222c,161
gac,14,head,a,mir190a-2,161
gac,18,head,c,mir190a-2,161
gac,20,head,t,mir190a-2,161
gac,21,head,c,mir222c,161
gac,22,head,t,mir130c-1,161
gac,23,head,c,mir222c,161
gac,24,head,t,mir190a-2,161
gac,25,head,g,mir130c-1,161
gac,26,head,c,mir190a-2,161
gac,27,head,a,mir190a-2,161
gac,65,hairpin,a,mir190a-2,161
gac,67,hairpin,a,mir190a-2,161
gac,106,tail,g,mir190a-2,161
gac,107,tail,c,mir190a-2,161
gac,110,tail,t,mir190a-2,161
gac,111,tail,g,mir190a-2,161
gac,112,tail,t,mir190a-2,161
gac,114,tail,t,mir190a-2,161
gac,115,tail,c,mir190a-2,161
gac,116,tail,c,mir190a-2,161
gac,118,tail,g,mir190a-2,161
gac,67,3p-seed,a,let7a-1,161
gac,83,3p,c,let7a-1,161
gac,89,tail,-,let7j,161
gac,90,tail,-,let7j,161
gac,92,tail,-,let7j,161
gac,57,3p-seed,c,mir139a,161
gac,19,5p,c,mir200a,161
gac,10,head,g,mir22a-2,161
gac,17,head,g,mir130c-1,161
gac,21,head,t,mir130c-1,161
gac,23,head,t,mir130c-1,161
gac,27,head,g,mir130c-1,161
gac,28,head,t,mir130c-1,161
gac,29,head,t,mir130c-1,161
gac,30,head,g,mir130c-1,161
gac,41,5p,c,mir130c-1,161
gac,48,5p-seed,c,mir130c-1,161
gac,51,5p,c,mir130c-1,161
gac,108,tail,g,mir130c-1,161
gac,113,tail,g,mir130c-1,161
gac,114,tail,a,mir130c-1,161
gac,116,tail,a,mir130c-1,161
gac,117,tail,c,mir130c-1,161
gac,118,tail,a,mir130c-1,161
gac,121,tail,c,mir130c-1,161
gac,122,tail,c,mir130c-1,161
gac,123,tail,t,mir130c-1,161
gac,126,tail,a,mir130c-1,161
gac,127,tail,a,mir130c-1,161
gac,128,tail,c,mir130c-1,161
gac,129,tail,g,mir130c-1,161
gac,130,tail,c,mir130c-1,161
gac,131,tail,c,mir130c-1,161
gac,132,tail,t,mir130c-1,161
gac,133,tail,c,mir130c-1,161
gac,134,tail,c,mir130c-1,161
gac,88,tail,-,mir223,161
gac,47,hairpin,a,mir125b-3,161
gac,52,hairpin,a,mir214a,161
gac,27,5p,g,mir1388,161
gac,38,5p,t,mir1388,161
gac,47,hairpin,g,mir1388,161
gac,74,3p,c,mir1388,161
gac,76,tail,g,mir1388,161
gac,78,tail,a,mir130c-2,161
gac,19,5p,t,mir192,161
gac,60,3p,c,mir192,161
gac,35,hairpin,-,mir150,161
gac,77,tail,g,mir129-2a,161
gac,24,5p,t,let7h-2,161
gac,55,hairpin,a,let7j,161
gac,63,hairpin,a,let7h-2,161
gac,86,3p,a,let7h-2,161
gac,96,3p,a,let7h-2,161
gac,105,tail,-,let7h-2,161
gac,106,tail,-,let7h-2,161
gac,107,tail,-,let7h-2,161
gac,55,hairpin,g,mir181a-5,161
gac,66,3p,g,mir7132a,161
gac,26,head,g,mir222c,161
gac,28,head,g,mir222c,161
gac,56,hairpin,c,mir222c,161
gac,51,hairpin,-,mir129-2a,161
gac,48,3p-seed,g,mir7132a,161
gac,50,3p-seed,g,mir7132a,161
gac,57,3p,a,mir7132a,161
gac,67,tail,t,mir7132a,161
gac,93,tail,-,let7j,161
gac,4,5p,-,mir140,161
gac,5,5p,-,mir140,161
gac,6,5p-seed,-,mir140,161
gac,7,5p-seed,-,mir140,161
gac,9,5p-seed,t,mir140,161
bdi,0,head,t,mir454b,145
bdi,91,tail,t,mir2188,145
bdi,0,head,-,mir29b-1a,145
bdi,39,hairpin,a,mir129-2a,145
bdi,45,hairpin,c,let7a-2,145
bdi,80,tail,c,mir27a,145
bdi,81,tail,g,mir30e-2,145
bdi,68,tail,t,mir736-1,145
bdi,92,tail,c,mir30e-1,145
bdi,39,hairpin,g,let7h-2,145
bdi,0,head,g,mir140,145
bdi,35,hairpin,t,mir181a-2,145
bdi,36,hairpin,g,mir144,145
bdi,38,hairpin,-,mir194a,145
bdi,39,hairpin,-,mir194a,145
bdi,77,tail,a,mir130c-2,145
bdi,19,head,g,mir23a-2,145
bdi,79,tail,g,mir199-1a,145
bdi,80,tail,g,mir725,145
bdi,3,head,c,mir125b-3,145
bdi,10,head,g,mir338-1b,145
bdi,46,hairpin,g,mir338-1b,145
bdi,69,3p,t,mir30c-1,145
bdi,81,tail,a,mir129-1b,145
bdi,2,head,t,let7a-1,145
bdi,3,head,g,mir22a-1,145
bdi,4,head,g,mir181b-2,145
bdi,5,head,a,mir30bb,145
bdi,6,head,t,mir193a-2,145
bdi,8,head,g,mir152a,145
bdi,9,head,g,mir9-7,145
bdi,43,hairpin,g,mir30e-1,145
bdi,71,tail,c,mir130b,145
bdi,76,tail,t,mir152a,145
bdi,78,tail,t,mir144,145
bdi,13,head,t,mir26a-3,145
bdi,48,hairpin,a,mir26a-2,145
bdi,49,hairpin,g,mir26a-3,145
bdi,59,hairpin,c,mir26a-3,145
bdi,70,3p-seed,c,mir26a-3,145
bdi,91,tail,g,let7g-2,145
bdi,9,head,t,mir140,145
bdi,10,head,c,mir99a,145
bdi,81,tail,c,mir181a-3,145
bdi,86,tail,g,mir181a-3,145
bdi,89,tail,a,let7g-2,145
bdi,26,5p-seed,t,mir24-3,145
bdi,46,hairpin,a,mir24-3,145
bdi,64,hairpin,g,mir24-3,145
bdi,65,hairpin,g,mir24-3,145
bdi,68,hairpin,t,mir24-3,145
bdi,95,tail,a,mir214a,145
bdi,96,tail,g,let7a-3,145
bdi,102,tail,-,mir24-3,145
bdi,103,tail,-,mir24-3,145
bdi,82,tail,g,mir135b,145
bdi,8,head,t,mir196d,145
bdi,23,5p,g,mir29a-3b,145
bdi,46,hairpin,t,mir30bb,145
bdi,73,tail,g,mir24-2,145
bdi,81,tail,-,mir24-2,145
bdi,76,tail,g,mir214b,145
bdi,77,tail,g,mir214b,145
bdi,78,tail,c,mir187,145
bdi,79,tail,a,mir203b,145
bdi,3,head,t,mir727b,145
bdi,4,head,c,mir223,145
bdi,5,head,g,mir455b,145
bdi,12,head,c,mir24-2,145
bdi,80,tail,-,mir24-2,145
bdi,3,head,-,mir301a,145
bdi,11,head,g,mir193a-2,145
bdi,83,tail,c,mir19da,145
bdi,34,hairpin,-,mir9-4,145
bdi,57,3p-seed,g,mir26a-1a,145
bdi,4,head,t,mir142b,145
bdi,42,hairpin,g,mir425,145
bdi,43,hairpin,t,mir15b-1,145
bdi,45,hairpin,a,let7a-3,145
bdi,51,hairpin,c,mir425,145
bdi,77,tail,t,mir21b,145
bdi,85,tail,-,mir425,145
bdi,35,hairpin,a,mir725,145
bdi,91,tail,c,let7g-1,145
bdi,14,head,t,let7a-5,145
bdi,103,tail,t,let7a-5,145
bdi,82,tail,a,mir18b,145
bdi,10,head,t,mir26a-2,145
bdi,16,head,a,mir26a-2,145
bdi,52,hairpin,g,mir2187a,145
bdi,53,hairpin,a,mir23a-2,145
bdi,54,hairpin,g,mir26a-2,145
bdi,67,3p,c,mir26a-2,145
bdi,89,tail,-,mir26a-2,145
bdi,90,tail,-,mir29a-1,145
bdi,27,5p,c,mir722a,145
bdi,82,tail,c,mir454b,145
bdi,88,tail,t,mir181a-5,145
bdi,43,hairpin,c,mir30bb,145
bdi,46,hairpin,c,mir9-6,145
bdi,4,head,a,mir727b,145
bdi,45,hairpin,t,mir192,145
bdi,0,head,a,mir192,145
bdi,38,hairpin,c,mir128-3,145
bdi,41,hairpin,c,mir10545,145
bdi,42,hairpin,c,mir725,145
bdi,70,3p,a,mir205-1a,145
bdi,79,tail,c,mir460,145
bdi,12,head,a,mir92a-1,145
bdi,53,hairpin,t,mir223,145
bdi,5,head,c,mir223,145
bdi,39,hairpin,t,mir17a-2,145
bdi,40,hairpin,c,mir9-3,145
bdi,85,tail,a,mir129-2a,145
bdi,73,tail,c,mir196a-2,145
bdi,78,tail,g,mir126b,145
bdi,80,tail,a,mir7133,145
bdi,87,tail,a,mir727b,145
bdi,15,head,g,mir21a,145
bdi,94,tail,-,mir21a,145
bdi,40,hairpin,t,mir9-4,145
bdi,36,hairpin,t,mir7132b,145
bdi,38,hairpin,t,mir10545,145
bdi,41,hairpin,-,mir24-4a,145
bdi,43,hairpin,-,mir7132b,145
bdi,18,5p-seed,a,mir92a-1,145
bdi,25,5p,c,mir92a-1,145
bdi,32,hairpin,g,mir23a-3,145
bdi,84,tail,g,mir454b,145
bdi,0,head,c,mir10545,145
bdi,47,hairpin,c,let7a-1,145
bdi,82,tail,t,mir133a-2,145
bdi,6,head,a,let7a-1,145
bdi,43,hairpin,a,mir125a-1,145
bdi,84,tail,a,mir125b-2,145
bdi,37,hairpin,t,mir30e-2,145
bdi,44,hairpin,t,mir21b,145
bdi,80,tail,t,mir21b,145
bdi,13,head,c,mir24-6,145
bdi,50,hairpin,t,mir1388,145
bdi,91,tail,-,mir24-6,145
bdi,1,head,c,mir7132a,145
bdi,1,head,t,mir148a,145
bdi,22,5p,t,mir148a,145
bdi,98,tail,g,let7a-7,145
bdi,2,head,a,mir99a,145
bdi,55,hairpin,a,let7h-2,145
bdi,89,tail,c,mir9-1a,145
bdi,83,tail,t,mir26a-1b,145
bdi,44,hairpin,-,mir29a-1,145
bdi,51,hairpin,a,mir22b,145
bdi,2,head,g,mir196a-2,145
bdi,77,tail,-,mir196a-2,145
bdi,20,5p,a,mir23a-2,145
bdi,60,hairpin,t,let7h-1,145
bdi,81,tail,t,mir200b,145
bdi,66,3p,a,mir205-1b,145
bdi,73,tail,a,mir205-1b,145
bdi,7,head,c,mir30e-1,145
bdi,84,tail,-,mir455b,145
bdi,48,hairpin,t,mir146a,145
bdi,51,hairpin,g,mir1388,145
bdi,85,tail,t,mir9-3,145
bdi,92,tail,t,mir146a,145
bdi,93,tail,t,mir214a,145
bdi,58,hairpin,g,let7a-6,145
bdi,84,3p,t,let7a-6,145
bdi,96,tail,c,let7h-1,145
bdi,100,tail,a,let7b-1,145
bdi,72,3p,c,mir10c,145
bdi,44,hairpin,c,mir181a-2,145
bdi,54,3p-seed,c,mir181a-2,145
bdi,74,tail,c,mir193a-2,145
bdi,72,tail,c,mir100-2,145
bdi,75,tail,t,mir100-2,145
bdi,7,head,t,mir200b,145
bdi,74,tail,t,mir10545,145
bdi,23,5p,a,mir92a-2,145
bdi,24,5p,a,mir92a-2,145
bdi,36,hairpin,c,mir7132a,145
bdi,90,tail,a,mir23a-1,145
bdi,41,hairpin,t,mir15b-1,145
bdi,59,3p-seed,a,mir15b-1,145
bdi,64,3p-seed,t,mir15b-1,145
bdi,79,tail,t,mir9-4,145
bdi,84,tail,c,mir15b-1,145
bdi,86,tail,t,mir727b,145
bdi,87,tail,g,mir15b-1,145
bdi,5,head,t,mir26a-1b,145
bdi,9,head,a,mir30e-1,145
bdi,42,hairpin,a,mir7133,145
bdi,7,head,a,mir454b,145
bdi,41,hairpin,a,mir21b,145
bdi,59,3p,g,mir30c-2,145
bdi,24,5p,c,mir725,145
bdi,32,5p,t,mir725,145
bdi,33,hairpin,t,mir725,145
bdi,53,hairpin,g,let7h-1,145
bdi,63,hairpin,t,let7h-1,145
bdi,64,hairpin,a,let7h-1,145
bdi,101,tail,g,let7h-1,145
bdi,105,tail,c,mir190a-2,145
bdi,44,hairpin,a,mir7133,145
bdi,84,tail,t,mir7133,145
bdi,85,tail,c,mir22a-2,145
bdi,85,tail,g,mir727b,145
bdi,10,head,a,mir30a,145
bdi,68,3p,c,mir30a,145
bdi,50,hairpin,g,mir30e-1,145
bdi,52,hairpin,c,mir30e-1,145
bdi,75,tail,g,mir200b,145
bdi,78,tail,-,mir24-4a,145
bdi,29,5p,t,mir29a-1,145
bdi,47,hairpin,a,mir125b-3,145
bdi,82,tail,-,mir27b,145
bdi,7,head,g,mir133a-1,145
bdi,34,hairpin,a,mir128-3,145
bdi,44,hairpin,g,mir30bb,145
bdi,93,tail,a,let7a-1,145
bdi,57,3p-seed,c,mir139a,145
bdi,30,5p,g,mir130c-1,145
bdi,41,5p,c,mir130c-1,145
bdi,107,tail,g,mir130c-1,145
bdi,6,head,c,let7d-1,145
bdi,45,hairpin,g,mir129-2b,145
bdi,83,tail,g,mir181a-5,145
bdi,37,hairpin,c,let7d-1,145
bdi,93,tail,c,let7d-1,145
bdi,14,head,g,mir26a-1b,145
bdi,56,hairpin,g,mir214a,145
bdi,86,3p,a,mir214a,145
bdi,94,tail,c,mir214a,145
bdi,13,5p-seed,t,mir130c-2,145
bdi,8,head,c,mir192,145
bdi,40,hairpin,a,mir199-2a,145
bdi,70,3p,t,mir196d,145
bdi,42,hairpin,t,let7h-2,145
bdi,54,hairpin,t,let7h-2,145
bdi,79,3p-seed,g,let7h-2,145
bdi,101,tail,a,let7h-2,145
bdi,102,tail,c,let7h-2,145
bdi,104,tail,c,let7h-2,145
bdi,57,hairpin,a,let7a-3,145
bdi,88,tail,g,let7a-3,145
bdi,21,5p,t,mir222c,145
bdi,26,5p-seed,g,mir222c,145
bdi,99,tail,g,mir222c,145
bdi,1,head,a,mir27b,145
bdi,83,tail,-,mir27b,145
bdi,37,hairpin,g,mir129-2a,145
bdi,28,5p,c,mir7132a,145
bdi,61,3p,c,mir7132a,145
bdi,65,3p,c,mir7132a,145
bdi,67,3p,t,mir7132a,145
bdi,78,tail,a,mir7132a,145
bdi,97,tail,a,let7j,145
bdi,41,hairpin,g,mir203b,145
bdi,39,hairpin,c,mir140,145
ggi,0,head,t,mir150,174
ggi,72,tail,a,mir23b-2,174
ggi,91,tail,t,mir2188,174
ggi,4,head,g,mir181b-2,174
ggi,86,tail,t,mir727b,174
ggi,1,head,c,mir7132a,174
ggi,20,5p,t,mir7132a,174
ggi,21,5p,g,mir29b-1a,174
ggi,36,hairpin,c,mir200b,174
ggi,38,hairpin,c,mir21b,174
ggi,39,hairpin,a,mir203b,174
ggi,45,hairpin,t,mir192,174
ggi,80,tail,-,mir192,174
ggi,92,tail,c,mir30e-1,174
ggi,39,hairpin,g,let7h-2,174
ggi,42,hairpin,t,let7h-2,174
ggi,44,hairpin,t,mir223,174
ggi,0,head,g,let7a-2,174
ggi,3,head,c,mir10545,174
ggi,35,hairpin,t,mir7132a,174
ggi,36,hairpin,g,mir99a,174
ggi,40,hairpin,g,mir7133,174
ggi,77,tail,a,mir130c-2,174
ggi,19,head,g,mir29a-1,174
ggi,79,tail,g,mir725,174
ggi,2,head,a,mir23a-2,174
ggi,3,head,t,mir727b,174
ggi,7,head,c,mir30c-1,174
ggi,32,hairpin,t,mir30c-1,174
ggi,37,hairpin,-,mir29b-2a,174
ggi,56,3p-seed,g,mir30c-1,174
ggi,60,3p,t,mir10a,174
ggi,69,3p,t,mir30c-1,174
ggi,81,tail,a,mir196d,174
ggi,28,5p,c,mir7132a,174
ggi,43,hairpin,g,mir30e-1,174
ggi,71,tail,c,mir130b,174
ggi,75,tail,c,mir10545,174
ggi,76,tail,t,mir455a,174
ggi,78,tail,t,mir144,174
ggi,13,head,t,let7h-2,174
ggi,20,5p,g,mirENSGACG00000022167,174
ggi,57,hairpin,t,mir30e-1,174
ggi,59,hairpin,c,mir26a-3,174
ggi,67,3p-seed,t,mir26a-3,174
ggi,9,head,t,mir140,174
ggi,52,hairpin,c,mir125b-3,174
ggi,81,tail,c,mir9-3,174
ggi,86,tail,g,mir181a-3,174
ggi,1,head,a,mir10965,174
ggi,2,head,c,mir132a,174
ggi,9,head,g,mir1388,174
ggi,35,hairpin,c,mir143,174
ggi,88,tail,t,mir181a-5,174
ggi,89,tail,a,let7g-2,174
ggi,91,tail,g,mir29a-1,174
ggi,1,head,g,mir137-1b,174
ggi,80,tail,c,mir203b,174
ggi,26,5p-seed,t,mir24-3,174
ggi,46,hairpin,a,mir21b,174
ggi,52,hairpin,t,mir33bb,174
ggi,54,hairpin,a,mir26a-2,174
ggi,63,hairpin,c,mir24-3,174
ggi,65,hairpin,g,mir24-3,174
ggi,95,tail,a,let7b-2,174
ggi,96,tail,g,mir24-3,174
ggi,47,hairpin,t,mir30e-2,174
ggi,82,tail,g,mir135b,174
ggi,23,5p,g,mir29a-3b,174
ggi,79,tail,a,mir203b,174
ggi,80,tail,g,mir725,174
ggi,3,head,a,mir10965,174
ggi,76,tail,g,mir214b,174
ggi,77,tail,g,mir137-1a,174
ggi,78,tail,c,mir187,174
ggi,4,head,t,mir24-4a,174
ggi,22,5p-seed,g,mir27c,174
ggi,34,5p,g,mir27c,174
ggi,0,head,c,mir10545,174
ggi,78,tail,-,mir99a,174
ggi,79,tail,-,mir124-3,174
ggi,6,head,-,mir219-2,174
ggi,7,head,-,mir219-1,174
ggi,8,head,-,mir219-1,174
ggi,40,hairpin,t,mir7132a,174
ggi,42,hairpin,c,mir725,174
ggi,48,hairpin,t,mir223,174
ggi,87,tail,t,mir219-2,174
ggi,0,head,a,mir140,174
ggi,4,head,a,mir10965,174
ggi,5,head,t,mir9-3,174
ggi,6,head,t,mir10965,174
ggi,8,head,t,mir196d,174
ggi,61,tail,t,mirENSGACG00000022167,174
ggi,64,tail,g,mirENSGACG00000022167,174
ggi,66,tail,g,mirENSGACG00000022167,174
ggi,68,tail,c,mirENSGACG00000022167,174
ggi,69,tail,a,mirENSGACG00000022167,174
ggi,11,head,g,mir193a-2,174
ggi,83,tail,c,mir138a,174
ggi,34,hairpin,-,mir150,174
ggi,55,3p-seed,a,mir26a-1a,174
ggi,57,3p-seed,g,mir26a-1a,174
ggi,81,tail,g,mir30e-2,174
ggi,4,head,c,mir223,174
ggi,41,hairpin,g,mir153ab,174
ggi,45,hairpin,a,let7a-3,174
ggi,47,hairpin,g,mir365-2b,174
ggi,51,hairpin,c,mir19da,174
ggi,75,3p,a,mir425,174
ggi,80,tail,t,mir21b,174
ggi,74,3p,c,let7g-1,174
ggi,91,tail,c,let7g-1,174
ggi,10,head,t,mir193a-2,174
ggi,102,tail,t,let7a-5,174
ggi,103,tail,c,let7a-5,174
ggi,82,tail,a,mir18b,174
ggi,18,head,t,mir23a-2,174
ggi,48,hairpin,a,mir150,174
ggi,27,5p,c,mir202,174
ggi,42,hairpin,a,mir7133,174
ggi,82,tail,c,mir29b-2a,174
ggi,41,hairpin,c,mir10545,174
ggi,43,hairpin,t,let7h-2,174
ggi,44,hairpin,g,mir200a,174
ggi,45,hairpin,g,mir17a-2,174
ggi,47,hairpin,-,mir33bb,174
ggi,64,3p-seed,a,mir33bb,174
ggi,71,3p,c,mir33bb,174
ggi,88,tail,c,mir33bb,174
ggi,39,hairpin,c,mir140,174
ggi,43,hairpin,c,mir125b-2,174
ggi,46,hairpin,c,mir125b-2,174
ggi,62,3p,a,mir20a-1,174
ggi,70,3p,a,mir29a-1,174
ggi,84,tail,t,mir10965,174
ggi,41,hairpin,t,mir181b-2,174
ggi,61,3p,c,mir7132a,174
ggi,68,3p,c,mir30a,174
ggi,80,tail,a,mir7133,174
ggi,84,tail,g,mir730,174
ggi,5,head,g,mir212b,174
ggi,85,tail,t,mir9-3,174
ggi,79,tail,c,mir24-4a,174
ggi,12,head,a,mir9-7,174
ggi,52,hairpin,g,mir212b,174
ggi,5,head,c,mir223,174
ggi,37,hairpin,a,mir10a,174
ggi,77,tail,t,mir128-3,174
ggi,36,hairpin,a,mir26ba,174
ggi,39,hairpin,t,mir150,174
ggi,37,hairpin,g,mir129-2a,174
ggi,87,tail,a,mir129-1a,174
ggi,15,head,g,mir21a,174
ggi,54,hairpin,c,mir21a,174
ggi,55,hairpin,g,mir21a,174
ggi,5,head,a,mir30bb,174
ggi,82,tail,t,mir133a-2,174
ggi,3,head,g,mir22a-1,174
ggi,83,tail,t,mir10965,174
ggi,2,head,t,mir153ab,174
ggi,35,hairpin,a,mir10a,174
ggi,36,hairpin,t,mir223,174
ggi,40,hairpin,a,mir199-2a,174
ggi,41,hairpin,-,mir125b-2,174
ggi,25,5p,t,mir92a-1,174
ggi,38,hairpin,a,mir7132a,174
ggi,77,tail,-,mir10545,174
ggi,32,hairpin,g,mir23a-3,174
ggi,42,hairpin,-,mir125b-2,174
ggi,73,tail,c,mir196a-2,174
ggi,74,3p,a,mir727a,174
ggi,84,tail,a,mir27b,174
ggi,43,hairpin,a,mir21b,174
ggi,46,hairpin,t,mir129-1a,174
ggi,75,tail,g,mir125b-1,174
ggi,76,tail,c,mir187,174
ggi,0,head,-,mir10965,174
ggi,34,hairpin,c,mir128-3,174
ggi,47,hairpin,c,let7b-1,174
ggi,75,tail,t,mir128-3,174
ggi,81,tail,-,mir187,174
ggi,6,head,a,let7b-2,174
ggi,27,5p,t,mir1388,174
ggi,48,hairpin,g,mir27a,174
ggi,37,hairpin,t,mir722b,174
ggi,10,head,c,mir30a,174
ggi,49,hairpin,c,mir132b,174
ggi,91,tail,-,mir7bb,174
ggi,74,3p-seed,t,let7i-1,174
ggi,1,head,t,mir21b,174
ggi,22,5p,t,mir148a,174
ggi,98,tail,g,let7a-7,174
ggi,55,hairpin,a,let7h-2,174
ggi,67,3p-seed,g,let7b-2,174
ggi,78,3p,c,mir30a,174
ggi,53,hairpin,t,let7h-2,174
ggi,89,tail,c,mir9-1a,174
ggi,6,head,c,let7h-2,174
ggi,40,hairpin,c,mir203b,174
ggi,2,head,g,mir489,174
ggi,7,head,g,mir10965,174
ggi,9,head,a,mir10a,174
ggi,10,head,g,mir23a-2,174
ggi,11,head,t,mir1388,174
ggi,12,head,t,mir23a-2,174
ggi,13,head,g,mir23a-2,174
ggi,14,head,t,mir23a-2,174
ggi,15,head,c,mir23a-2,174
ggi,16,head,t,mir23a-2,174
ggi,17,head,c,mir132b,174
ggi,20,head,a,mir23a-2,174
ggi,40,5p,t,mir23a-2,174
ggi,43,5p,g,mir23a-2,174
ggi,24,5p,c,mir725,174
ggi,79,tail,t,mir192,174
ggi,26,5p-seed,a,mir132b,174
ggi,50,hairpin,t,mir132b,174
ggi,54,3p-seed,t,mir21b,174
ggi,66,3p,a,mir205-1b,174
ggi,13,head,a,mir9-6,174
ggi,51,hairpin,g,mir223,174
ggi,73,3p,t,mir146a,174
ggi,93,tail,t,mir214a,174
ggi,33,hairpin,t,mir725,174
ggi,58,hairpin,g,let7a-6,174
ggi,59,hairpin,a,let7a-6,174
ggi,77,3p,a,let7a-6,174
ggi,84,3p,t,let7a-6,174
ggi,96,tail,c,let7h-1,174
ggi,44,hairpin,a,mir150,174
ggi,49,hairpin,t,let7b-1,174
ggi,50,hairpin,g,let7a-3,174
ggi,72,3p-seed,g,let7b-1,174
ggi,54,hairpin,g,mir10c,174
ggi,72,3p-seed,c,mir10c,174
ggi,93,tail,-,mir10c,174
ggi,23,5p,c,mir19da,174
ggi,8,head,a,mir1388,174
ggi,42,hairpin,g,mir181a-1,174
ggi,44,hairpin,c,mir181a-2,174
ggi,46,hairpin,-,mir30e-1,174
ggi,54,3p-seed,c,mir181a-2,174
ggi,63,3p,c,mir181a-2,174
ggi,64,3p,a,mir181a-2,174
ggi,74,tail,c,mir193a-2,174
ggi,7,head,t,mir1388,174
ggi,50,hairpin,a,mir138a,174
ggi,49,hairpin,-,mir9-3,174
ggi,50,hairpin,-,mir9-3,174
ggi,23,5p,a,mir92a-2,174
ggi,24,5p,a,mir92a-2,174
ggi,78,tail,g,mir126b,174
ggi,90,tail,a,mir23a-1,174
ggi,59,3p-seed,a,mir15b-1,174
ggi,64,3p-seed,t,mir15b-1,174
ggi,65,3p,t,mir15b-1,174
ggi,84,tail,c,mir7133,174
ggi,87,tail,g,mir10965,174
ggi,59,3p,g,mir30c-2,174
ggi,67,3p,c,mir125b-2,174
ggi,70,tail,c,mir9-4,174
ggi,30,5p,t,mir725,174
ggi,32,5p,t,mir725,174
ggi,35,hairpin,g,mir725,174
ggi,60,hairpin,g,let7h-1,174
ggi,83,3p,g,let7h-1,174
ggi,101,tail,c,let7h-1,174
ggi,105,tail,c,mir190a-2,174
ggi,31,5p,a,mir29b-2a,174
ggi,38,hairpin,-,mir29b-2a,174
ggi,39,hairpin,-,mir29b-2a,174
ggi,40,hairpin,-,mir30bb,174
ggi,84,tail,-,mir29b-2a,174
ggi,72,tail,t,mir222a,174
ggi,57,hairpin,a,let7a-3,174
ggi,90,tail,-,mir7bb,174
ggi,85,tail,g,mir727b,174
ggi,53,hairpin,a,mir30a,174
ggi,49,hairpin,a,mir10965,174
ggi,53,hairpin,g,mir30e-1,174
ggi,41,hairpin,a,mir181a-5,174
ggi,29,5p,t,mir29a-1,174
ggi,30,5p,c,mir29a-1,174
ggi,37,5p,t,mir29a-1,174
ggi,44,hairpin,-,mir30bb,174
ggi,82,tail,-,mir18a,174
ggi,47,hairpin,a,mir125b-3,174
ggi,51,hairpin,a,mir26a-1b,174
ggi,12,head,c,mir1388,174
ggi,43,hairpin,-,mir30bb,174
ggi,45,3p,-,mir30bb,174
ggi,46,3p,-,mir30bb,174
ggi,47,3p-seed,-,mir30bb,174
ggi,48,3p-seed,-,mir30bb,174
ggi,49,3p-seed,-,mir30bb,174
ggi,50,3p-seed,-,mir30bb,174
ggi,51,3p-seed,-,mir30bb,174
ggi,62,3p,g,mir30bb,174
ggi,45,hairpin,c,let7a-2,174
ggi,81,tail,t,mir200b,174
ggi,32,hairpin,-,mir139a,174
ggi,33,hairpin,-,mir139a,174
ggi,38,hairpin,t,mir10545,174
ggi,30,5p,g,mir130c-1,174
ggi,41,5p,c,mir130c-1,174
ggi,48,hairpin,c,mir212b,174
ggi,72,hairpin,g,mir130c-1,174
ggi,107,tail,g,mir130c-1,174
ggi,83,tail,g,mir129-2b,174
ggi,37,hairpin,c,mir192,174
ggi,64,3p-seed,c,let7d-1,174
ggi,93,tail,c,let7d-1,174
ggi,75,3p,t,mir125b-3,174
ggi,14,head,g,mir214a,174
ggi,86,tail,a,mir214a,174
ggi,94,tail,c,mir214a,174
ggi,16,head,g,mir1388,174
ggi,85,tail,c,mir22a-2,174
ggi,13,5p-seed,t,mir130c-2,174
ggi,55,3p-seed,t,mir21b,174
ggi,59,3p,t,mir21b,174
ggi,77,tail,c,mir21b,174
ggi,63,3p,g,mir150,174
ggi,70,3p,t,mir196d,174
ggi,62,hairpin,t,let7h-2,174
ggi,79,3p-seed,g,let7h-2,174
ggi,101,tail,a,let7h-2,174
ggi,104,tail,c,let7h-2,174
ggi,89,tail,g,mir181a-5,174
ggi,72,3p-seed,t,let7a-3,174
ggi,95,tail,c,let7a-3,174
ggi,21,5p,c,mir222c,174
ggi,99,tail,t,mir222c,174
ggi,85,tail,a,mir129-2a,174
ggi,49,3p-seed,a,mir7132a,174
ggi,53,3p-seed,t,mir7132a,174
ggi,67,3p,t,mir7132a,174
ggi,78,tail,a,mir7132a,174
ggi,28,5p,a,mir365-2b,174
ggi,75,3p-seed,c,let7j,174
ggi,97,tail,a,let7j,174
ggi,9,head,c,mir10965,174
ggi,10,head,a,mir10965,174
ggi,19,5p-seed,g,mir10965,174
ggi,33,hairpin,c,mir10965,174
ggi,86,tail,-,let7a-2,174
nco,0,head,c,mir10545,175
nco,72,tail,a,mir23b-2,175
nco,91,tail,t,mir29a-1,175
nco,4,head,g,mir181b-2,175
nco,0,head,-,mir10965,175
nco,1,head,c,mir7132a,175
nco,20,5p,t,mir7132a,175
nco,21,5p,g,mir29b-1a,175
nco,36,hairpin,c,mir200b,175
nco,38,hairpin,c,mir21b,175
nco,39,hairpin,a,mir203b,175
nco,45,hairpin,t,mir192,175
nco,79,tail,-,mir124-3,175
nco,80,tail,-,mir192,175
nco,0,head,t,mir150,175
nco,30,5p,a,mir736-1,175
nco,71,tail,g,mir736-1,175
nco,39,hairpin,g,let7h-2,175
nco,42,hairpin,t,let7h-2,175
nco,44,hairpin,t,mir223,175
nco,0,head,g,let7a-2,175
nco,3,head,c,mir10545,175
nco,35,hairpin,t,mir7132a,175
nco,36,hairpin,g,mir99a,175
nco,40,hairpin,g,mir7133,175
nco,77,tail,a,mir130c-2,175
nco,79,tail,g,mir199-1a,175
nco,2,head,a,mir18b,175
nco,3,head,t,mir727b,175
nco,7,head,c,mir30c-1,175
nco,32,hairpin,t,mir30c-1,175
nco,37,hairpin,-,mir29b-2a,175
nco,56,3p-seed,g,mir30c-1,175
nco,60,3p,t,mir10a,175
nco,69,3p,t,mir30c-1,175
nco,81,tail,a,mir196d,175
nco,28,5p,c,mir7132a,175
nco,43,hairpin,g,mir30e-1,175
nco,71,tail,c,mir130b,175
nco,75,tail,c,mir10545,175
nco,76,tail,t,mir455a,175
nco,78,tail,t,mir152a,175
nco,13,head,t,let7h-2,175
nco,20,5p,g,mirENSGACG00000022167,175
nco,50,hairpin,g,let7a-3,175
nco,57,hairpin,t,mir30e-1,175
nco,59,hairpin,c,let7a-6,175
nco,67,3p-seed,t,mir26a-3,175
nco,9,head,t,mir128-3,175
nco,52,hairpin,c,mir125b-3,175
nco,81,tail,t,mir200b,175
nco,86,tail,g,mir181a-3,175
nco,1,head,a,mir27b,175
nco,2,head,c,mir132a,175
nco,9,head,g,mir1388,175
nco,35,hairpin,c,mir143,175
nco,88,tail,t,mir181a-5,175
nco,89,tail,a,let7g-2,175
nco,91,tail,g,let7g-2,175
nco,1,head,g,mir137-1b,175
nco,80,tail,c,mir203b,175
nco,26,5p-seed,t,mir24-3,175
nco,46,hairpin,a,mir21b,175
nco,52,hairpin,t,mir33bb,175
nco,54,hairpin,a,mir26a-2,175
nco,63,hairpin,c,mir24-3,175
nco,65,hairpin,g,mir24-3,175
nco,95,tail,a,mir24-3,175
nco,96,tail,g,mir24-3,175
nco,47,hairpin,t,mir30e-2,175
nco,82,tail,g,mir10965,175
nco,23,5p,g,mir29a-3b,175
nco,73,tail,a,mir29a-3b,175
nco,79,tail,a,mir203b,175
nco,80,tail,g,mir200a,175
nco,3,head,a,mir193a-2,175
nco,76,tail,g,mir214b,175
nco,77,tail,g,mir137-1a,175
nco,78,tail,c,mir187,175
nco,4,head,t,mir24-4a,175
nco,22,5p-seed,g,mir27c,175
nco,34,5p,g,mir27c,175
nco,8,head,t,mir196d,175
nco,78,tail,-,mir722b,175
nco,6,head,-,mir10965,175
nco,7,head,-,mir10965,175
nco,8,head,-,mir10965,175
nco,9,head,-,mir10965,175
nco,40,hairpin,t,mir7132a,175
nco,42,hairpin,c,mir725,175
nco,48,hairpin,t,mir223,175
nco,87,tail,t,mir219-2,175
nco,92,tail,c,mir219-2,175
nco,0,head,a,mir140,175
nco,4,head,a,mir129-2a,175
nco,5,head,t,mir9-3,175
nco,61,tail,t,mirENSGACG00000022167,175
nco,64,tail,g,mirENSGACG00000022167,175
nco,66,tail,g,mirENSGACG00000022167,175
nco,68,tail,c,mirENSGACG00000022167,175
nco,69,tail,a,mirENSGACG00000022167,175
nco,4,head,c,mir223,175
nco,43,hairpin,t,let7h-2,175
nco,46,hairpin,c,mir125b-2,175
nco,11,head,g,mir193a-2,175
nco,83,tail,c,mir138a,175
nco,34,hairpin,-,mir150,175
nco,55,3p-seed,a,mir26a-1a,175
nco,57,3p-seed,g,mir26a-1a,175
nco,81,tail,g,mir150,175
nco,41,hairpin,g,mir489,175
nco,45,hairpin,a,let7a-3,175
nco,47,hairpin,g,mir425,175
nco,51,hairpin,c,mir19da,175
nco,75,3p,a,mir425,175
nco,74,3p,c,let7g-1,175
nco,91,tail,c,let7g-1,175
nco,10,head,t,mir193a-2,175
nco,102,tail,t,let7a-5,175
nco,103,tail,c,let7a-5,175
nco,82,tail,a,mir18b,175
nco,48,hairpin,a,mir150,175
nco,27,5p,c,mir202,175
nco,42,hairpin,a,let7a-2,175
nco,82,tail,c,mir29b-2a,175
nco,41,hairpin,c,mir10545,175
nco,80,tail,t,mir21b,175
nco,44,hairpin,g,mir200a,175
nco,45,hairpin,g,mir17a-2,175
nco,47,hairpin,-,mir33bb,175
nco,64,3p-seed,a,mir33bb,175
nco,71,3p,c,mir33bb,175
nco,88,tail,c,mir33bb,175
nco,39,hairpin,c,mir140,175
nco,43,hairpin,c,mir125b-2,175
nco,62,3p,a,mir20a-1,175
nco,70,3p,a,mir29a-1,175
nco,84,tail,t,mir10965,175
nco,61,3p,c,mir7132a,175
nco,68,3p,c,mir30a,175
nco,5,head,g,mir212b,175
nco,6,head,t,mir193a-2,175
nco,85,tail,t,mir9-3,175
nco,79,tail,c,mir24-4a,175
nco,91,tail,-,mir7bb,175
nco,12,head,a,mir9-7,175
nco,52,hairpin,g,mir212b,175
nco,89,tail,t,mir2187a,175
nco,90,tail,a,mir23a-1,175
nco,5,head,c,mir223,175
nco,37,hairpin,a,mir10a,175
nco,77,tail,t,mir128-3,175
nco,39,hairpin,t,mir150,175
nco,37,hairpin,g,mir129-2a,175
nco,73,tail,c,mir196a-2,175
nco,80,tail,a,mir7133,175
nco,87,tail,a,mir129-1a,175
nco,15,head,g,mir21a,175
nco,54,hairpin,c,mir21a,175
nco,55,hairpin,g,mir21a,175
nco,5,head,a,mir30bb,175
nco,81,tail,c,mir9-3,175
nco,82,tail,t,mir133a-2,175
nco,3,head,g,mir22a-1,175
nco,83,tail,t,mir22a-2,175
nco,2,head,t,mir181a-2,175
nco,35,hairpin,a,mir725,175
nco,36,hairpin,t,mir223,175
nco,40,hairpin,a,mir199-2a,175
nco,41,hairpin,-,mir125b-2,175
nco,25,5p,t,mir92a-1,175
nco,38,hairpin,a,mir7132a,175
nco,77,tail,-,mir196a-2,175
nco,32,hairpin,g,mir23a-3,175
nco,42,hairpin,-,mir125b-2,175
nco,10,head,c,mir99a,175
nco,74,3p,a,mir727a,175
nco,84,tail,a,mir27b,175
nco,85,tail,c,mir22a-2,175
nco,33,hairpin,t,mir725,175
nco,75,tail,g,mir125b-1,175
nco,76,tail,c,mir31a,175
nco,34,hairpin,c,mir187,175
nco,47,hairpin,c,mir9-1a,175
nco,75,tail,t,mir125b-3,175
nco,81,tail,-,mir722b,175
nco,6,head,a,let7b-2,175
nco,27,5p,t,mir1388,175
nco,48,hairpin,g,mir27a,175
nco,37,hairpin,t,mir722b,175
nco,74,3p-seed,t,let7i-1,175
nco,1,head,t,mir21b,175
nco,22,5p,t,mir148a,175
nco,98,tail,g,let7a-7,175
nco,55,hairpin,a,let7h-2,175
nco,67,3p-seed,g,let7b-2,175
nco,78,3p,c,mir30a,175
nco,53,hairpin,t,let7h-2,175
nco,89,tail,c,mir9-1a,175
nco,6,head,c,let7h-2,175
nco,44,hairpin,-,mir30bb,175
nco,51,hairpin,a,mir26a-1b,175
nco,40,hairpin,c,mir203b,175
nco,82,tail,-,mir722b,175
nco,83,tail,-,mir722b,175
nco,84,tail,-,mir29b-2a,175
nco,85,tail,-,mir125b-3,175
nco,86,tail,-,let7a-2,175
nco,87,tail,-,mir722b,175
nco,2,head,g,mir489,175
nco,19,head,g,mir10965,175
nco,20,5p,a,mir23a-2,175
nco,40,5p,t,mir23a-2,175
nco,24,5p,c,mir725,175
nco,79,tail,t,mir192,175
nco,17,head,c,mir132b,175
nco,49,hairpin,c,mir132b,175
nco,50,hairpin,t,mir132b,175
nco,54,3p-seed,t,mir21b,175
nco,66,3p,a,mir205-1b,175
nco,51,hairpin,g,mir223,175
nco,73,3p,t,mir146a,175
nco,93,tail,t,mir214a,175
nco,58,hairpin,g,let7a-6,175
nco,77,3p,a,let7a-6,175
nco,84,3p,t,let7a-6,175
nco,96,tail,c,let7h-1,175
nco,13,head,a,mir9-6,175
nco,44,hairpin,a,mir150,175
nco,66,hairpin,a,let7b-1,175
nco,72,3p-seed,g,let7b-1,175
nco,54,hairpin,g,mir10c,175
nco,72,3p-seed,c,mir10c,175
nco,93,tail,-,mir10c,175
nco,23,5p,c,mir19da,175
nco,24,5p,t,mir19da,175
nco,8,head,a,mir1388,175
nco,42,hairpin,g,mir181a-1,175
nco,44,hairpin,c,mir181a-2,175
nco,46,hairpin,-,mir30e-1,175
nco,54,3p-seed,c,mir181a-2,175
nco,63,3p,c,mir181a-2,175
nco,64,3p,a,mir181a-2,175
nco,74,tail,c,mir193a-2,175
nco,32,5p,a,mir31a,175
nco,36,hairpin,a,mir31a,175
nco,43,hairpin,a,mir21b,175
nco,57,3p,c,mir31a,175
nco,61,3p,g,mir31a,175
nco,7,head,t,mir1388,175
nco,50,hairpin,a,mir138a,175
nco,49,hairpin,-,mir9-3,175
nco,50,hairpin,-,mir9-3,175
nco,23,5p,a,mir92a-2,175
nco,24,5p,a,mir92a-2,175
nco,78,tail,g,mir126b,175
nco,41,hairpin,t,mir181b-2,175
nco,59,3p-seed,a,mir15b-1,175
nco,64,3p-seed,t,mir15b-1,175
nco,65,3p,t,mir15b-1,175
nco,84,tail,c,mir7133,175
nco,86,tail,t,mir727b,175
nco,87,tail,g,mir10965,175
nco,9,head,a,mir10a,175
nco,59,3p,g,mir30c-2,175
nco,67,3p,c,mir125b-2,175
nco,70,tail,c,mir9-4,175
nco,30,5p,t,mir725,175
nco,32,5p,t,mir725,175
nco,60,hairpin,g,let7h-1,175
nco,101,tail,c,let7h-1,175
nco,105,tail,c,mir190a-2,175
nco,31,5p,a,mir29b-2a,175
nco,38,hairpin,-,mir29b-2a,175
nco,39,hairpin,-,mir29b-2a,175
nco,40,hairpin,-,mir30bb,175
nco,72,tail,t,mir222a,175
nco,57,hairpin,a,let7a-3,175
nco,90,tail,-,mir7bb,175
nco,85,tail,g,mir727b,175
nco,10,head,a,mir30a,175
nco,46,hairpin,t,mir30a,175
nco,53,hairpin,a,mir30a,175
nco,49,hairpin,a,mir10965,175
nco,41,hairpin,a,mir181a-5,175
nco,29,5p,t,mir29a-1,175
nco,30,5p,c,mir29a-1,175
nco,37,5p,t,mir29a-1,175
nco,7,head,g,mir133a-1,175
nco,8,head,c,mir128-3,175
nco,34,hairpin,a,mir128-3,175
nco,47,hairpin,a,mir125b-3,175
nco,11,head,t,mir1388,175
nco,12,head,c,mir1388,175
nco,43,hairpin,-,mir30bb,175
nco,45,3p,-,mir30bb,175
nco,46,3p,-,mir30bb,175
nco,47,3p-seed,-,mir30bb,175
nco,48,3p-seed,-,mir30bb,175
nco,49,3p-seed,-,mir30bb,175
nco,50,3p-seed,-,mir30bb,175
nco,51,3p-seed,-,mir30bb,175
nco,62,3p,g,mir30bb,175
nco,45,hairpin,c,let7a-2,175
nco,32,hairpin,-,mir139a,175
nco,33,hairpin,-,mir139a,175
nco,38,hairpin,t,mir10545,175
nco,30,5p,g,mir130c-1,175
nco,41,5p,c,mir130c-1,175
nco,72,hairpin,g,mir130c-1,175
nco,107,tail,g,mir130c-1,175
nco,83,tail,g,mir129-2b,175
nco,37,hairpin,c,mir192,175
nco,64,3p-seed,c,let7d-1,175
nco,93,tail,c,let7d-1,175
nco,14,head,g,mir214a,175
nco,86,tail,a,mir214a,175
nco,94,tail,c,mir214a,175
nco,16,head,g,mir1388,175
nco,13,5p-seed,t,mir130c-2,175
nco,55,3p-seed,t,mir21b,175
nco,59,3p,t,mir21b,175
nco,77,tail,c,mir21b,175
nco,50,3p,a,mir150,175
nco,70,3p,t,mir196d,175
nco,62,hairpin,t,let7h-2,175
nco,79,3p-seed,g,let7h-2,175
nco,101,tail,a,let7h-2,175
nco,104,tail,c,let7h-2,175
nco,89,tail,g,mir181a-5,175
nco,72,3p-seed,t,let7a-3,175
nco,95,tail,c,let7a-3,175
nco,21,5p,c,mir222c,175
nco,99,tail,t,mir222c,175
nco,85,tail,a,mir129-2a,175
nco,13,5p-seed,g,mir27b,175
nco,49,3p-seed,a,mir7132a,175
nco,67,3p,t,mir7132a,175
nco,78,tail,a,mir7132a,175
nco,28,5p,a,mir365-2b,175
nco,75,3p-seed,c,let7j,175
nco,97,tail,a,let7j,175
nco,1,head,-,mir10965,175
nco,2,head,-,mir10965,175
nco,3,head,-,mir10965,175
nco,4,head,-,mir10965,175
nco,5,head,-,mir10965,175
nco,10,head,-,mir10965,175
nco,11,head,-,mir10965,175
nco,17,head,-,mir10965,175
nco,18,head,-,mir10965,175
nco,33,5p,c,mir10965,175
nco,9,head,c,mir140,175
nco,48,hairpin,c,mir212b,175
cac,0,head,t,mir125b-1,168
cac,35,hairpin,t,mir7132a,168
cac,72,tail,a,mir23b-2,168
cac,91,tail,t,mir2188,168
cac,4,head,g,mir181b-2,168
cac,1,head,c,mir7132a,168
cac,20,5p,t,mir7132a,168
cac,21,5p,g,mir29b-1a,168
cac,36,hairpin,c,mir200b,168
cac,38,hairpin,c,mir128-3,168
cac,39,hairpin,a,mir203b,168
cac,44,hairpin,a,mir21b,168
cac,45,hairpin,t,mir192,168
cac,71,tail,g,mir29b-1a,168
cac,3,head,t,mir727b,168
cac,62,3p,g,mir30bb,168
cac,75,tail,g,mir125b-1,168
cac,89,tail,c,mir9-1a,168
cac,39,hairpin,g,let7h-2,168
cac,42,hairpin,t,let7h-2,168
cac,44,hairpin,t,mir223,168
cac,0,head,g,let7a-2,168
cac,3,head,c,mir10545,168
cac,36,hairpin,g,mir99a,168
cac,40,hairpin,g,mir7133,168
cac,77,tail,a,mir130c-2,168
cac,19,head,g,mir29a-1,168
cac,79,tail,g,mir725,168
cac,2,head,a,mir18b,168
cac,7,head,c,mir30c-1,168
cac,32,hairpin,t,mir30c-1,168
cac,37,hairpin,-,mir29b-2a,168
cac,56,3p-seed,g,mir30c-1,168
cac,60,3p,t,mir30c-1,168
cac,69,3p,t,mir727a,168
cac,81,tail,a,mir196d,168
cac,28,5p,c,mir7132a,168
cac,43,hairpin,g,mir30e-1,168
cac,71,tail,c,mir130b,168
cac,75,tail,c,mir10545,168
cac,76,tail,t,mir455a,168
cac,78,tail,t,mir152a,168
cac,1,head,a,mir27b,168
cac,88,tail,t,mir181a-5,168
cac,89,tail,a,let7g-2,168
cac,91,tail,g,mir29a-1,168
cac,1,head,g,mir137-1b,168
cac,65,3p,c,mir7a-3,168
cac,80,tail,c,mir203b,168
cac,26,5p-seed,t,mir24-3,168
cac,46,hairpin,a,mir21b,168
cac,52,hairpin,t,mir24-3,168
cac,54,hairpin,a,mir26a-2,168
cac,63,hairpin,c,mir24-3,168
cac,65,hairpin,g,mir24-3,168
cac,95,tail,a,mir214a,168
cac,96,tail,g,mir214a,168
cac,47,hairpin,t,mir30e-2,168
cac,82,tail,g,mir135b,168
cac,23,5p,g,mir29a-3b,168
cac,79,tail,a,mir203b,168
cac,80,tail,g,mir725,168
cac,3,head,a,mir193a-2,168
cac,76,tail,g,mir214b,168
cac,77,tail,g,mir137-1a,168
cac,78,tail,c,mir187,168
cac,4,head,t,mir24-4a,168
cac,22,5p-seed,g,mir27c,168
cac,34,5p,g,mir27c,168
cac,83,tail,-,mir27c,168
cac,0,head,c,mir10545,168
cac,78,tail,-,mir130b,168
cac,79,tail,-,mir124-3,168
cac,40,hairpin,t,mir7132a,168
cac,42,hairpin,c,mir130b,168
cac,44,hairpin,-,mir30bb,168
cac,48,hairpin,t,mir223,168
cac,87,tail,t,mir219-2,168
cac,92,tail,c,mir219-2,168
cac,0,head,a,mir140,168
cac,4,head,a,mir727b,168
cac,5,head,t,mir9-3,168
cac,20,5p,g,mirENSGACG00000022167,168
cac,61,tail,t,mirENSGACG00000022167,168
cac,64,tail,g,mirENSGACG00000022167,168
cac,66,tail,g,mirENSGACG00000022167,168
cac,4,head,c,mir92a-1,168
cac,43,hairpin,t,let7h-2,168
cac,46,hairpin,c,mir125b-2,168
cac,11,head,g,mir193a-2,168
cac,34,hairpin,-,mir9-4,168
cac,55,3p-seed,a,mir26a-1a,168
cac,57,3p-seed,g,mir26a-1a,168
cac,81,tail,g,mir30e-2,168
cac,41,hairpin,g,mir153ab,168
cac,45,hairpin,a,let7a-3,168
cac,47,hairpin,g,mir425,168
cac,51,hairpin,c,mir19da,168
cac,75,3p,a,mir425,168
cac,74,3p,c,let7g-1,168
cac,91,tail,c,let7g-1,168
cac,10,head,t,let7a-3,168
cac,102,tail,t,let7a-5,168
cac,103,tail,c,let7a-5,168
cac,74,tail,t,mir10b-2a,168
cac,82,tail,a,mir18b,168
cac,48,hairpin,a,mir7a-1,168
cac,8,head,g,mir722a,168
cac,27,5p,c,mir722a,168
cac,42,hairpin,a,mir7133,168
cac,82,tail,c,mir29b-2a,168
cac,41,hairpin,c,mir10545,168
cac,80,tail,t,mir153ab,168
cac,17,head,t,mir33bb,168
cac,42,hairpin,g,mir181a-1,168
cac,44,hairpin,g,mir200a,168
cac,48,hairpin,c,mir212b,168
cac,50,hairpin,g,let7a-3,168
cac,52,hairpin,g,mir212b,168
cac,53,hairpin,g,mir33bb,168
cac,63,3p-seed,t,mir33bb,168
cac,64,3p-seed,t,mir33bb,168
cac,65,3p-seed,c,mir33bb,168
cac,70,3p,a,mir29a-1,168
cac,71,3p,g,mir33bb,168
cac,83,tail,g,mir181a-5,168
cac,86,tail,g,mir33bb,168
cac,88,tail,c,let7c-2,168
cac,39,hairpin,c,mir140,168
cac,43,hairpin,c,mir125b-2,168
cac,62,3p,a,mir20a-1,168
cac,84,tail,t,mir18b,168
cac,1,head,t,mir21b,168
cac,41,hairpin,t,mir181b-2,168
cac,61,3p,c,mir7132a,168
cac,68,3p,c,mir30a,168
cac,45,hairpin,g,mir17a-2,168
cac,5,head,g,mir212b,168
cac,6,head,t,mir193a-2,168
cac,85,tail,t,mir9-3,168
cac,79,tail,c,mir24-4a,168
cac,91,tail,-,mir7bb,168
cac,12,head,a,mir9-7,168
cac,89,tail,t,mir2187a,168
cac,90,tail,a,mir23a-1,168
cac,6,head,c,let7h-2,168
cac,5,head,c,mir144,168
cac,37,hairpin,a,mir144,168
cac,77,tail,t,mir139a,168
cac,39,hairpin,t,mir125b-1,168
cac,37,hairpin,g,mir129-2a,168
cac,73,tail,c,mir196a-2,168
cac,80,tail,a,mir7133,168
cac,87,tail,a,mir129-1a,168
cac,15,head,g,mir21a,168
cac,54,hairpin,c,mir21a,168
cac,55,hairpin,g,mir21a,168
cac,94,tail,-,mir21a,168
cac,5,head,a,mir30bb,168
cac,81,tail,c,mir9-3,168
cac,82,tail,t,mir133a-2,168
cac,83,tail,c,mir138a,168
cac,3,head,g,mir22a-1,168
cac,83,tail,t,mir22a-2,168
cac,2,head,t,mir153ab,168
cac,35,hairpin,a,mir725,168
cac,36,hairpin,t,mir7132b,168
cac,40,hairpin,a,mir199-2a,168
cac,41,hairpin,-,mir125b-2,168
cac,67,3p,g,mir7132b,168
cac,25,5p,t,mir92a-1,168
cac,38,hairpin,a,mir7132a,168
cac,77,tail,-,mir130b,168
cac,32,hairpin,g,mir23a-3,168
cac,42,hairpin,-,mir125b-2,168
cac,2,head,c,mir132a,168
cac,10,head,c,mir99a,168
cac,47,hairpin,a,mir125b-3,168
cac,74,3p,a,mir727a,168
cac,84,tail,a,mir27b,168
cac,85,tail,c,mir22a-2,168
cac,0,head,-,mir187,168
cac,9,head,g,mir1388,168
cac,34,hairpin,c,mir187,168
cac,47,hairpin,c,mir9-1a,168
cac,75,tail,t,mir128-3,168
cac,76,tail,c,mir31a,168
cac,81,tail,-,mir187,168
cac,6,head,a,let7b-2,168
cac,27,5p,t,mir1388,168
cac,48,hairpin,g,mir27a,168
cac,37,hairpin,t,mir17a-2,168
cac,81,3p,a,mir24-6,168
cac,74,3p-seed,t,let7i-1,168
cac,22,5p,t,mir148a,168
cac,98,tail,g,let7a-7,168
cac,55,hairpin,a,let7h-2,168
cac,67,3p-seed,g,let7b-2,168
cac,78,3p,c,mir30a,168
cac,53,hairpin,t,let7h-2,168
cac,8,head,t,mir196d,168
cac,51,hairpin,a,mir26a-1b,168
cac,67,3p,c,mir125b-2,168
cac,2,head,g,mir489,168
cac,20,5p,a,mir23a-2,168
cac,40,5p,t,mir23a-2,168
cac,17,head,c,mir132b,168
cac,49,hairpin,c,mir132b,168
cac,50,hairpin,t,mir132b,168
cac,54,3p-seed,t,mir21b,168
cac,66,3p,a,mir205-1b,168
cac,51,hairpin,g,mir223,168
cac,73,3p,t,mir146a,168
cac,93,tail,t,mir214a,168
cac,58,hairpin,g,let7a-6,168
cac,59,hairpin,c,let7a-6,168
cac,77,3p,a,let7a-6,168
cac,84,3p,t,let7a-6,168
cac,96,tail,c,let7h-1,168
cac,10,head,a,mir30a,168
cac,13,head,a,mir9-6,168
cac,72,3p-seed,g,let7b-1,168
cac,45,hairpin,c,let7a-2,168
cac,54,hairpin,g,mir10c,168
cac,72,3p-seed,c,mir10c,168
cac,94,tail,a,mir10c,168
cac,23,5p,c,mir19da,168
cac,8,head,a,mir1388,168
cac,44,hairpin,c,mir181a-2,168
cac,46,hairpin,-,mir30e-1,168
cac,54,3p-seed,c,mir181a-2,168
cac,63,3p,c,mir181a-2,168
cac,64,3p,a,mir181a-2,168
cac,74,tail,c,mir193a-2,168
cac,74,tail,a,mir129-1b,168
cac,32,5p,a,mir31a,168
cac,36,hairpin,a,mir31a,168
cac,43,hairpin,a,mir21b,168
cac,57,3p-seed,c,mir31a,168
cac,61,3p,a,mir31a,168
cac,7,head,t,mir1388,168
cac,50,hairpin,a,mir138a,168
cac,49,hairpin,-,mir9-3,168
cac,50,hairpin,-,mir9-3,168
cac,23,5p,a,mir92a-2,168
cac,24,5p,a,mir92a-2,168
cac,78,tail,g,mir126b,168
cac,59,3p-seed,a,mir15b-1,168
cac,64,3p,t,mir15b-1,168
cac,65,3p,t,mir15b-1,168
cac,79,tail,t,mir192,168
cac,84,tail,c,mir7133,168
cac,86,tail,-,let7a-2,168
cac,80,tail,-,mir192,168
cac,59,3p,g,mir30c-2,168
cac,70,tail,c,mir9-4,168
cac,24,5p,c,mir725,168
cac,30,5p,t,mir725,168
cac,32,5p,t,mir725,168
cac,33,hairpin,t,mir725,168
cac,43,hairpin,-,mir30bb,168
cac,60,hairpin,g,let7h-1,168
cac,101,tail,c,let7h-1,168
cac,105,tail,c,mir190a-2,168
cac,22,5p-seed,c,mir29b-2a,168
cac,31,5p,a,mir29b-2a,168
cac,38,hairpin,-,mir29b-2a,168
cac,39,hairpin,-,mir29b-2a,168
cac,40,hairpin,-,mir30bb,168
cac,72,tail,t,mir222a,168
cac,57,hairpin,a,let7a-3,168
cac,90,tail,-,mir7bb,168
cac,85,tail,g,mir727b,168
cac,86,tail,t,mir727b,168
cac,46,hairpin,t,mir30a,168
cac,52,hairpin,c,mir125b-3,168
cac,53,hairpin,a,mir30a,168
cac,49,hairpin,a,mir30e-1,168
cac,57,hairpin,t,mir30e-1,168
cac,59,hairpin,a,let7a-3,168
cac,41,hairpin,a,mir181a-5,168
cac,29,5p,t,mir29a-1,168
cac,30,5p,c,mir29a-1,168
cac,37,5p,t,mir29a-1,168
cac,7,head,g,mir133a-1,168
cac,9,head,t,mir140,168
cac,34,hairpin,a,mir128-3,168
cac,69,tail,g,mir128-3,168
cac,11,head,t,mir1388,168
cac,12,head,c,mir1388,168
cac,45,3p,-,mir30bb,168
cac,46,3p,-,mir30bb,168
cac,47,3p-seed,-,mir30bb,168
cac,48,3p-seed,-,mir30bb,168
cac,49,3p-seed,-,mir30bb,168
cac,50,3p-seed,-,mir30bb,168
cac,51,3p-seed,-,mir30bb,168
cac,81,tail,t,mir200b,168
cac,84,tail,g,mir125b-2,168
cac,32,hairpin,-,mir139a,168
cac,33,hairpin,-,mir139a,168
cac,38,hairpin,t,mir10545,168
cac,30,5p,g,mir130c-1,168
cac,41,5p,c,mir130c-1,168
cac,72,hairpin,g,mir130c-1,168
cac,107,tail,g,mir130c-1,168
cac,14,head,c,mir223,168
cac,36,5p,t,mir223,168
cac,37,hairpin,c,mir192,168
cac,64,3p-seed,c,let7d-1,168
cac,93,tail,c,let7d-1,168
cac,75,3p,t,mir125b-3,168
cac,14,head,g,mir214a,168
cac,86,3p,a,mir214a,168
cac,94,tail,c,mir214a,168
cac,16,head,g,mir1388,168
cac,13,5p-seed,t,mir130c-2,168
cac,55,3p-seed,t,mir21b,168
cac,59,3p,t,mir21b,168
cac,77,tail,c,mir21b,168
cac,70,3p,t,mir196d,168
cac,13,head,t,let7h-2,168
cac,62,hairpin,t,let7h-2,168
cac,79,3p-seed,g,let7h-2,168
cac,81,3p-seed,g,let7h-2,168
cac,101,tail,a,let7h-2,168
cac,104,tail,c,let7h-2,168
cac,108,tail,a,let7h-2,168
cac,89,tail,g,mir181a-5,168
cac,72,3p-seed,t,let7a-3,168
cac,95,tail,c,let7a-3,168
cac,21,5p,c,mir222c,168
cac,99,tail,t,mir222c,168
cac,63,3p,t,mir26a-1b,168
cac,72,3p,a,mir26a-1b,168
cac,85,tail,a,mir129-2a,168
cac,49,3p-seed,a,mir7132a,168
cac,67,3p,t,mir7132a,168
cac,78,tail,a,mir7132a,168
cac,28,5p,a,mir365-2b,168
cac,75,3p-seed,c,let7j,168
cac,40,hairpin,c,mir203b,168
cac,51,hairpin,t,mir212b,168
cgu,0,head,t,mir150,173
cgu,35,hairpin,t,mir7132a,173
cgu,72,tail,a,mir23b-2,173
cgu,4,head,g,mir181b-2,173
cgu,0,head,-,mir10965,173
cgu,1,head,c,mir7132a,173
cgu,20,5p,t,mir7132a,173
cgu,21,5p,g,mir29b-1a,173
cgu,36,hairpin,c,mir200b,173
cgu,38,hairpin,c,mir128-3,173
cgu,39,hairpin,a,mir203b,173
cgu,44,hairpin,a,mir150,173
cgu,45,hairpin,t,mir192,173
cgu,66,3p,g,mir29b-1a,173
cgu,71,tail,g,mir29b-1a,173
cgu,6,head,g,mir736-1,173
cgu,89,tail,c,mir9-1a,173
cgu,91,tail,-,mir7bb,173
cgu,39,hairpin,g,let7h-2,173
cgu,42,hairpin,t,let7h-2,173
cgu,44,hairpin,t,mir223,173
cgu,0,head,g,let7a-2,173
cgu,3,head,c,mir10545,173
cgu,36,hairpin,g,mir99a,173
cgu,40,hairpin,g,mir7133,173
cgu,77,tail,a,mir130c-2,173
cgu,19,head,g,mir10965,173
cgu,79,tail,g,mir725,173
cgu,74,tail,t,mir10b-2a,173
cgu,2,head,a,mir18b,173
cgu,3,head,t,mir727b,173
cgu,7,head,c,mir730,173
cgu,32,hairpin,t,mir30c-1,173
cgu,37,hairpin,-,mir29b-2a,173
cgu,56,3p-seed,g,mir30c-1,173
cgu,60,3p,t,mir10a,173
cgu,69,3p,t,mir727a,173
cgu,81,tail,a,mir196d,173
cgu,28,5p,c,mir7132a,173
cgu,43,hairpin,g,mir30e-1,173
cgu,71,tail,c,mir130b,173
cgu,75,tail,c,mir10545,173
cgu,76,tail,t,mir455a,173
cgu,78,tail,t,mir152a,173
cgu,13,head,t,let7h-2,173
cgu,20,5p,g,mirENSGACG00000022167,173
cgu,57,hairpin,t,mir30e-1,173
cgu,59,hairpin,c,let7a-6,173
cgu,67,3p-seed,t,mir26a-3,173
cgu,84,tail,c,mir7133,173
cgu,9,head,t,mir140,173
cgu,52,hairpin,c,mir125b-3,173
cgu,81,tail,c,mir9-3,173
cgu,86,tail,g,mir19da,173
cgu,1,head,a,mir27b,173
cgu,2,head,c,mir132a,173
cgu,9,head,g,mir1388,173
cgu,35,hairpin,c,mir100-2,173
cgu,4,head,c,mir223,173
cgu,88,tail,t,mir181a-5,173
cgu,89,tail,a,let7g-2,173
cgu,91,tail,g,mir29a-1,173
cgu,1,head,g,mir137-1b,173
cgu,65,3p,c,mir7a-3,173
cgu,80,tail,c,mir203b,173
cgu,26,5p-seed,t,mir24-3,173
cgu,46,hairpin,a,mir21b,173
cgu,52,hairpin,t,mir33bb,173
cgu,54,hairpin,a,mir26a-2,173
cgu,63,hairpin,c,mir24-3,173
cgu,65,hairpin,g,mir24-3,173
cgu,95,tail,a,mir214a,173
cgu,96,tail,g,mir214a,173
cgu,47,hairpin,t,mir30e-2,173
cgu,82,tail,g,mir135b,173
cgu,23,5p,g,mir29a-3b,173
cgu,79,tail,a,mir203b,173
cgu,80,tail,g,mir725,173
cgu,3,head,a,mir193a-2,173
cgu,76,tail,g,mir100-2,173
cgu,77,tail,g,mir137-1a,173
cgu,78,tail,c,mir187,173
cgu,4,head,t,mir24-4a,173
cgu,22,5p-seed,g,mir27c,173
cgu,34,5p,g,mir27c,173
cgu,0,head,c,mir27b,173
cgu,78,tail,-,mir124-5,173
cgu,79,tail,-,mir124-3,173
cgu,40,hairpin,t,mir7132a,173
cgu,42,hairpin,c,mir130b,173
cgu,48,hairpin,t,mir223,173
cgu,87,tail,t,mir219-2,173
cgu,92,tail,c,mir219-2,173
cgu,1,head,t,mir21b,173
cgu,4,head,a,mir727b,173
cgu,5,head,t,mir9-3,173
cgu,61,tail,t,mirENSGACG00000022167,173
cgu,64,tail,g,mirENSGACG00000022167,173
cgu,66,tail,g,mirENSGACG00000022167,173
cgu,68,tail,c,mirENSGACG00000022167,173
cgu,69,tail,a,mirENSGACG00000022167,173
cgu,43,hairpin,t,let7h-2,173
cgu,46,hairpin,c,mir125b-2,173
cgu,77,tail,c,mir21b,173
cgu,11,head,g,mir181b-2,173
cgu,83,tail,c,mir125b-3,173
cgu,34,hairpin,-,mir150,173
cgu,55,3p-seed,a,mir26a-1a,173
cgu,57,3p-seed,g,mir26a-1a,173
cgu,81,tail,g,mir150,173
cgu,41,hairpin,g,mir153ab,173
cgu,44,hairpin,g,mir200a,173
cgu,45,hairpin,a,let7a-3,173
cgu,47,hairpin,g,mir425,173
cgu,51,hairpin,c,mir19da,173
cgu,75,3p,a,mir425,173
cgu,74,3p,c,let7g-1,173
cgu,91,tail,c,let7g-1,173
cgu,10,head,t,let7a-3,173
cgu,102,tail,t,let7a-5,173
cgu,103,tail,c,let7a-5,173
cgu,82,tail,a,mir18a,173
cgu,48,hairpin,a,mir150,173
cgu,27,5p,c,mir722a,173
cgu,42,hairpin,a,mir181b-2,173
cgu,82,tail,c,mir29b-2a,173
cgu,41,hairpin,c,mir10545,173
cgu,80,tail,t,mir153ab,173
cgu,45,hairpin,g,mir17a-2,173
cgu,47,hairpin,-,mir33bb,173
cgu,51,hairpin,t,mir212b,173
cgu,64,3p-seed,a,mir33bb,173
cgu,71,3p,c,mir33bb,173
cgu,88,tail,c,mir33bb,173
cgu,43,hairpin,c,mir125b-2,173
cgu,62,3p,a,mir20a-1,173
cgu,70,3p,a,mir29a-1,173
cgu,82,tail,-,mir20a-1,173
cgu,83,tail,-,mir26ba,173
cgu,84,tail,t,mir10965,173
cgu,7,head,g,mir133a-1,173
cgu,41,hairpin,t,mir181b-2,173
cgu,61,3p,c,mir7132a,173
cgu,68,3p,c,mir30a,173
cgu,37,hairpin,c,mir192,173
cgu,78,tail,g,mir126b,173
cgu,84,tail,g,mir125b-2,173
cgu,5,head,g,mir212b,173
cgu,6,head,t,mir193a-2,173
cgu,0,head,a,mir140,173
cgu,79,tail,c,mir24-4a,173
cgu,90,tail,-,mir7bb,173
cgu,12,head,a,mir9-7,173
cgu,52,hairpin,g,mir212b,173
cgu,89,tail,t,mir2187a,173
cgu,90,tail,a,mir23a-1,173
cgu,6,head,c,let7h-2,173
cgu,5,head,c,mir223,173
cgu,37,hairpin,a,mir10a,173
cgu,77,tail,t,mir128-3,173
cgu,39,hairpin,t,mir150,173
cgu,37,hairpin,g,mir129-2a,173
cgu,73,tail,c,mir196a-2,173
cgu,80,tail,a,mir7133,173
cgu,87,tail,a,mir129-1a,173
cgu,15,head,g,mir21a,173
cgu,54,hairpin,c,mir21a,173
cgu,55,hairpin,g,mir21a,173
cgu,5,head,a,mir30bb,173
cgu,82,tail,t,mir133a-2,173
cgu,3,head,g,mir22a-1,173
cgu,2,head,t,mir153ab,173
cgu,35,hairpin,a,mir725,173
cgu,36,hairpin,t,mir223,173
cgu,40,hairpin,a,mir199-2a,173
cgu,41,hairpin,-,mir125b-2,173
cgu,67,3p,g,mir7132b,173
cgu,25,5p,t,mir92a-1,173
cgu,38,hairpin,a,mir7132a,173
cgu,77,tail,-,mir10545,173
cgu,32,hairpin,g,mir23a-3,173
cgu,42,hairpin,-,mir125b-2,173
cgu,10,head,c,mir99a,173
cgu,47,hairpin,a,mir125b-3,173
cgu,74,3p,a,mir727a,173
cgu,84,tail,a,mir27b,173
cgu,34,hairpin,c,mir187,173
cgu,47,hairpin,c,mir9-1a,173
cgu,75,tail,t,mir125b-3,173
cgu,76,tail,c,mir187,173
cgu,81,tail,-,mir187,173
cgu,6,head,a,let7b-2,173
cgu,27,5p,t,mir1388,173
cgu,48,hairpin,g,mir27a,173
cgu,37,hairpin,t,mir17a-2,173
cgu,81,3p,a,mir24-6,173
cgu,74,3p-seed,t,let7i-1,173
cgu,22,5p,t,mir148a,173
cgu,98,tail,g,let7a-7,173
cgu,55,hairpin,a,let7h-2,173
cgu,67,3p-seed,g,let7b-2,173
cgu,78,3p,c,mir30a,173
cgu,53,hairpin,t,let7h-2,173
cgu,8,head,t,mir196d,173
cgu,83,tail,t,mir10965,173
cgu,85,tail,c,mir22a-2,173
cgu,44,hairpin,-,mir30bb,173
cgu,51,hairpin,a,mir26a-1b,173
cgu,2,head,g,mir489,173
cgu,20,5p,a,mir23a-2,173
cgu,40,5p,t,mir23a-2,173
cgu,24,5p,c,mir725,173
cgu,79,tail,t,mir192,173
cgu,17,head,c,mir132b,173
cgu,25,5p-seed,t,mir132b,173
cgu,49,hairpin,c,mir132b,173
cgu,50,hairpin,t,mir132b,173
cgu,54,3p-seed,t,mir21b,173
cgu,66,3p,a,mir205-1b,173
cgu,51,hairpin,g,mir223,173
cgu,73,3p,t,mir146a,173
cgu,93,tail,t,mir214a,173
cgu,58,hairpin,g,let7a-6,173
cgu,77,3p,a,let7a-6,173
cgu,84,3p,t,let7a-6,173
cgu,95,tail,-,let7a-6,173
cgu,13,head,a,mir9-6,173
cgu,85,tail,t,mir9-3,173
cgu,72,3p-seed,g,let7b-1,173
cgu,45,hairpin,c,let7a-2,173
cgu,54,hairpin,g,mir10c,173
cgu,72,3p-seed,c,mir10c,173
cgu,23,5p,c,mir19da,173
cgu,8,head,a,mir1388,173
cgu,42,hairpin,g,mir181a-1,173
cgu,44,hairpin,c,mir181a-2,173
cgu,46,hairpin,-,mir30e-1,173
cgu,54,3p-seed,c,mir181a-2,173
cgu,63,3p,c,mir181a-2,173
cgu,64,3p,a,mir181a-2,173
cgu,74,tail,c,mir193a-2,173
cgu,74,tail,a,mir129-1b,173
cgu,7,head,t,mir1388,173
cgu,50,hairpin,a,mir138a,173
cgu,49,hairpin,-,mir9-3,173
cgu,50,hairpin,-,mir9-3,173
cgu,23,5p,a,mir92a-2,173
cgu,24,5p,a,mir92a-2,173
cgu,59,3p-seed,a,mir15b-1,173
cgu,64,3p,t,mir15b-1,173
cgu,65,3p,t,mir15b-1,173
cgu,86,tail,-,let7a-2,173
cgu,9,head,a,mir10a,173
cgu,59,3p-seed,t,mir10a,173
cgu,80,tail,-,mir192,173
cgu,59,3p,g,mir30c-2,173
cgu,67,3p,c,mir125b-2,173
cgu,70,tail,c,mir9-4,173
cgu,30,5p,t,mir725,173
cgu,32,5p,t,mir725,173
cgu,33,hairpin,t,mir725,173
cgu,43,hairpin,-,mir30bb,173
cgu,60,hairpin,g,let7h-1,173
cgu,96,tail,c,let7h-1,173
cgu,101,tail,c,let7h-1,173
cgu,105,tail,c,mir190a-2,173
cgu,22,5p-seed,c,mir29b-2a,173
cgu,31,5p,a,mir29b-2a,173
cgu,38,hairpin,-,mir29b-2a,173
cgu,39,hairpin,-,mir29b-2a,173
cgu,40,hairpin,-,mir30bb,173
cgu,72,tail,t,mir222a,173
cgu,57,hairpin,a,let7a-3,173
cgu,85,tail,g,mir727b,173
cgu,86,tail,t,mir727b,173
cgu,10,head,a,mir30a,173
cgu,46,hairpin,t,mir30a,173
cgu,53,hairpin,a,mir30a,173
cgu,49,hairpin,a,mir10965,173
cgu,50,hairpin,g,let7a-3,173
cgu,59,hairpin,a,mir30e-1,173
cgu,41,hairpin,a,mir181a-5,173
cgu,29,5p,t,mir29a-1,173
cgu,30,5p,c,mir29a-1,173
cgu,37,5p,t,mir29a-1,173
cgu,34,hairpin,a,mir128-3,173
cgu,11,head,t,mir1388,173
cgu,12,head,c,mir1388,173
cgu,45,3p,-,mir30bb,173
cgu,46,3p,-,mir30bb,173
cgu,47,3p-seed,-,mir30bb,173
cgu,48,3p-seed,-,mir30bb,173
cgu,49,3p-seed,-,mir30bb,173
cgu,50,3p-seed,-,mir30bb,173
cgu,51,3p-seed,-,mir30bb,173
cgu,62,3p,g,mir30bb,173
cgu,81,tail,t,mir200b,173
cgu,32,hairpin,-,mir139a,173
cgu,33,hairpin,-,mir139a,173
cgu,38,hairpin,t,mir10545,173
cgu,30,5p,g,mir130c-1,173
cgu,41,5p,c,mir130c-1,173
cgu,72,hairpin,g,mir130c-1,173
cgu,107,tail,g,mir130c-1,173
cgu,64,3p-seed,c,let7d-1,173
cgu,93,tail,c,let7d-1,173
cgu,43,hairpin,a,mir21b,173
cgu,85,tail,-,mir125b-3,173
cgu,48,hairpin,c,mir212b,173
cgu,14,head,g,mir214a,173
cgu,86,3p,a,mir214a,173
cgu,94,tail,c,mir214a,173
cgu,16,head,g,mir1388,173
cgu,13,5p-seed,t,mir130c-2,173
cgu,75,tail,g,mir125b-1,173
cgu,55,3p-seed,t,mir21b,173
cgu,59,3p,t,mir21b,173
cgu,39,hairpin,c,mir140,173
cgu,70,3p,t,mir196d,173
cgu,62,hairpin,t,let7h-2,173
cgu,79,3p-seed,g,let7h-2,173
cgu,81,3p-seed,g,let7h-2,173
cgu,101,tail,a,let7h-2,173
cgu,104,tail,c,let7h-2,173
cgu,108,tail,a,let7h-2,173
cgu,89,tail,g,mir181a-5,173
cgu,72,3p-seed,t,let7a-3,173
cgu,95,tail,c,let7a-3,173
cgu,21,5p,c,mir222c,173
cgu,99,tail,t,mir222c,173
cgu,72,3p,a,mir26a-1b,173
cgu,85,tail,a,mir129-2a,173
cgu,49,3p-seed,a,mir7132a,173
cgu,67,3p,t,mir7132a,173
cgu,78,tail,a,mir7132a,173
cgu,28,5p,a,mir365-2b,173
cgu,75,3p-seed,c,let7j,173
cgu,40,hairpin,c,mir203b,173
cgu,1,head,-,mir10965,173
cgu,2,head,-,mir10965,173
cgu,3,head,-,mir10965,173
cgu,4,head,-,mir10965,173
cgu,5,head,-,mir10965,173
cgu,6,head,-,mir10965,173
cgu,7,head,-,mir10965,173
cgu,8,head,-,mir10965,173
cgu,9,head,-,mir10965,173
cgu,10,head,-,mir10965,173
cgu,11,head,-,mir10965,173
cgu,17,head,-,mir10965,173
cgu,18,head,-,mir10965,173
cgu,33,5p,c,mir10965,173
cgu,87,tail,g,mir10965,173
cgu,91,tail,a,mir10965,173
